,Y,T,X1,X2,X3
0,10.105547504878764,0.0,-1.644220111801118,1.2006432209696087,0.29870684478305687
1,5.2744699328670475,0.0,-0.03569770555901199,1.4734251170027994,0.792869703086924
2,4.197400203044035,1.0,-0.2327319813200638,-0.48534743450059437,0.492446680737737
3,-4.326948275324631,0.0,0.08704437907142247,-1.2530695224805353,-0.5081232748053615
4,-3.9604894009302836,1.0,1.4959952110268666,-0.44513700274828844,-0.37146798317992025
5,-2.445476629448108,1.0,2.3206563059896457,0.23160114727944034,0.9982004905647014
6,-4.585221619039677,0.0,-0.6263512031840182,-1.8899703076341947,-1.8146282914218
7,3.155926239938035,1.0,1.688875438367914,0.9562706806081183,0.31800430428960896
8,4.439176952470168,0.0,-0.9106070391038934,0.24480666087247832,-1.7830069414853482
9,2.0823834681965776,0.0,-0.6761134086353603,-0.1304657415069084,1.145940386972031
10,7.429491160772557,0.0,-2.313915257592871,-0.17874023894064073,-0.6429911172372069
11,1.2251249506779278,0.0,0.878489564497525,0.8982229720087003,0.9566613538299983
12,5.399221305158002,1.0,-1.0978101852900934,-0.5780442137468607,-1.5826170849243237
13,-9.861443092529719,0.0,2.613516489804787,0.31218336375532774,-0.15245473739282922
14,11.20674026177164,1.0,-0.8202941532113414,1.157088485767064,-1.6149062828356744
15,6.918865988690579,1.0,-0.6390661860794039,-0.26466696124350597,0.9889102453251484
16,11.518453758661284,1.0,-1.5296178915130774,0.3226639247135374,-1.752327480426537
17,1.1679573064948237,1.0,0.28729854646893577,-0.6623255726827566,-1.1223498410512924
18,-4.123242438479886,0.0,0.5768855935650644,-0.8570989015828956,0.18181063120022461
19,15.11911198783639,1.0,-1.2488139873830273,1.6894391552028436,2.0451399744844845
20,5.22417710488368,0.0,-1.7928867322694977,-0.09215019882052493,-0.19175673635181253
21,2.6310169255210853,0.0,0.8035102714246996,2.17876829541128,1.4313759091759364
22,0.7495601596644215,0.0,-1.3856157441786365,-1.4088404798627325,0.0401104975152645
23,2.400181860269164,0.0,0.7688192832724473,1.7189121201094086,0.5450395372236849
24,-2.208102910449373,0.0,-0.8035046149237954,-1.5601624553497317,-0.8175127892157735
25,5.818674204967236,1.0,-1.4937223955799255,-0.8137203098520855,-0.33039333534450893
26,6.26219200828909,1.0,1.0302521223230345,1.1718365665994634,0.8568758067043165
27,-5.648460485661781,0.0,1.8179543817143557,0.6879722314007846,-0.13178527837517529
28,0.3589686943318984,1.0,-0.804282033608164,-1.7775959786922109,-0.4902158984894718
29,-4.78601826663932,0.0,-0.7521415547279817,-2.0496157834272157,-1.1885500648498208
30,-1.5202794882336679,0.0,0.8572712553339575,1.0322926114872137,-0.8841739744898414
31,17.7310667736995,1.0,-3.0116653833102722,0.547916201009471,-0.6516504217349214
32,-1.972921096914749,1.0,1.1957571031427439,-0.46707182583547446,1.1045842216703485
33,5.234895177867491,1.0,-0.16310822381832774,-0.40909898879383594,-0.9564421602752228
34,0.02301289788403349,0.0,0.3811139978028746,0.5882421751184412,0.7614602275547654
35,4.142630314197599,1.0,0.9246758325745865,0.2826730063569209,-0.7542477268905574
36,-4.848705105706374,1.0,1.6081231765320083,-0.41288861286436285,0.6700105214091252
37,8.446933450344753,1.0,0.18955498550275685,0.8844246082870203,-0.9731116493958106
38,10.734895572243422,1.0,-0.5756857988857877,0.8354127429730982,0.13807122604606084
39,-11.265452083633868,0.0,2.6556990291624505,-0.7996024005313475,0.04300018452099202
40,6.40654751989339,0.0,-1.1854343978575428,1.2152043005802768,0.5850645696883766
41,-1.01631625932223,0.0,-1.6005367521706853,-1.8187630109667023,0.5764027460862933
42,7.626591869225225,1.0,-0.30774100031515234,0.11901021483701595,-0.23425472373201892
43,2.042960732425339,1.0,2.3380942250199963,1.9442120766956419,0.7438166413057646
44,12.238617852024827,1.0,-0.6406997340536591,1.2296078249903093,-0.8365111932527016
45,12.33907506598731,1.0,0.015575302982414028,2.019095053555526,-0.33682007729828717
46,-0.501079452471827,0.0,-1.2904178588910227,-2.1496026458658726,-0.606715536435332
47,6.467591219397311,1.0,-1.701335565114885,-1.339999420965183,-2.2711826868494467
48,7.58029516219511,1.0,-0.14411899767976524,0.44606977357788336,-0.4049288651875842
49,-1.130765959177396,0.0,1.9697816343983319,1.7297275843539763,2.2375793239506487
50,-4.831005035654318,1.0,1.6208190304093986,-1.3069641275594217,-0.03745047645786769
51,-4.416558896058754,1.0,1.536252644009292,-1.3457343981719367,-0.35064844237455184
52,-0.12874062074308368,0.0,0.3430604399514283,0.057809200146901794,-0.35746790810398854
53,11.537183481790764,1.0,-2.4870248957782133,-1.091506877381538,-0.8532257925589258
54,9.926128786541183,1.0,-1.7295424460294917,-0.2118907564096479,-0.3136473384685633
55,-6.531941663230911,0.0,3.0315456647228034,1.2383651107923486,0.7455402756418141
56,11.818916204124864,1.0,0.0017221013614810924,1.636572623326002,1.0378056108614353
57,4.1494910146882775,0.0,0.5498881580239803,1.6894918360079203,-0.2979010169507901
58,-2.613012958503396,0.0,1.847341893414277,1.1161176470275398,-0.44978823257550554
59,3.301052587205681,0.0,0.055470358395761594,1.5255368918999905,0.9139730833522816
60,2.6293932267525166,0.0,-0.3229900007692464,0.5562016252034366,0.4965078851553487
61,6.837442681720949,1.0,0.5896686221852876,1.196641354291058,1.4571260141828382
62,-2.586083808860029,0.0,1.8841942336567439,0.8308387938021644,0.4955916367066245
63,11.023075869356395,1.0,-0.5302239188849379,1.049437946802009,-1.0023822915541678
64,18.093794697301732,1.0,-3.070099799393658,0.03127932000857247,-1.0931654799431407
65,1.556892520801903,0.0,-0.1092572883595515,0.6291198847823412,-1.0172888146310888
66,9.367099095550575,1.0,0.07122235058840769,1.0447155994742305,0.5184778139118639
67,7.588186943420356,1.0,-0.41621875473040815,0.4940749417629044,0.17769853337905875
68,-4.714559336785307,0.0,-0.8518461657032377,-1.8169977979838443,-1.2992994328171217
69,6.561093229311001,0.0,-1.8711013101156289,0.1492113283267414,-1.0119177617988981
70,0.4751035011063901,0.0,0.59152267745165,0.7230599524096337,-0.08014564736709098
71,9.487963780670558,1.0,0.7060210920777644,2.3513351179066495,0.6698256652657565
72,3.2136665106282707,0.0,1.075634641344115,1.9149943668352085,0.835800547702282
73,3.027187404498203,1.0,0.21446427221845193,-0.2950275706183946,-1.4086515122447911
74,4.674898611597319,0.0,1.337626007841754,2.8671526024599796,2.1759417056677255
75,0.2989068539716342,1.0,2.0486044041920035,1.072783925848863,1.8077459520206478
76,5.071742055115886,1.0,-0.5074755266232949,-0.13971199238290222,-1.655114201381221
77,15.378661369944535,1.0,-1.0887903165185637,1.5391460408307034,0.06207335599802279
78,5.165998738611272,0.0,-0.9697175470768069,0.5225818333339112,-0.5521245349714672
79,-1.8332303622718447,1.0,2.1970498644417513,0.06944621846574785,0.6373905759293162
80,6.941208138096481,0.0,-1.4103357225498232,0.3670193630888618,-2.1174044842915474
81,10.217779061354337,1.0,-2.0344018162244772,-0.7206856264863256,-1.493686391220805
82,2.56138942991881,1.0,-0.8003654833974059,-1.2936159488504928,-1.6398041017518301
83,-4.806979681770299,0.0,-0.06555481060826787,-1.0508924891849605,-1.098473142969586
84,-4.1471146025478385,0.0,2.0265894429467246,1.108827260934866,1.8502313382269353
85,-8.31318919688633,1.0,2.031612064443742,-1.2712424339096633,-0.8033416318905824
86,-3.027983178679801,0.0,-0.08362799951174765,-1.1459906793202947,-1.909786172397246
87,-1.9158254121257958,0.0,1.5234983326996816,0.7705435198252424,-0.12494754260466161
88,-0.8511775495620605,0.0,0.10207568107313142,-0.2967086312833218,-0.4747633466571818
89,11.525271984095975,0.0,-2.4522853253520513,0.6961176082046745,-1.5414725862970902
90,2.1722140916523927,1.0,-1.1948470827434325,-1.9338963348473217,-1.4372366126526004
91,9.722524708300856,1.0,0.26599146323519296,1.7696112148386256,0.05612192890372624
92,-0.5065047727919991,0.0,-1.2949624337283137,-1.5170819605602934,-0.8163001422944786
93,-4.0528733450325864,0.0,2.471619277329441,1.0111647019052743,1.8585140363335155
94,5.9474384787625985,1.0,0.13350371543453068,0.4062226189553351,0.7122072786600954
95,7.879098529869551,0.0,-0.797557877270865,0.9125240092273964,1.280495532344101
96,4.34003337013656,1.0,0.7250323428029668,0.9056825500848207,0.57764171225134
97,-6.002875821476419,1.0,2.551479671183165,-0.3758216727851413,2.231688001879262
98,-1.979202172604554,1.0,1.4603653632841154,-0.24519280314466238,0.28757967842362636
99,-8.359023677181229,1.0,3.1901741033422564,-0.5792812581946631,0.023982198510372553
100,10.58622321150215,0.0,-2.55932111351893,0.212778375150214,-1.4862333767244218
101,5.670724677247135,1.0,-1.1082036360405636,-0.882794055083735,-0.08928731789972931
102,5.238893081526662,1.0,1.0304605918197567,1.2114465916549193,2.1067665976883636
103,1.2415805429792468,0.0,-0.23642248681636285,-0.2130668156635653,-0.11425358452732474
104,-4.613138132253118,0.0,3.213835064915868,2.1135870708342157,1.0204235421088095
105,6.66462502603633,0.0,-1.1412952339764133,0.5066090342552544,-1.2851307317123137
106,-0.8673963102974936,0.0,-0.016704961516250793,-0.14567178585418217,-0.022369213751455064
107,-7.476821720355954,0.0,0.8971425574800566,-1.0105577054932349,-0.8772319022042394
108,5.778715903013224,1.0,-0.8483822555771544,-0.7530161412441888,-0.8792146425056558
109,8.672996276639736,1.0,-0.6461866348502151,0.03853524256967403,-0.23711773836788466
110,-3.6185306699749806,0.0,-1.9302582003478965,-2.931162868860978,-1.9557328990483107
111,1.012903521762479,1.0,-0.07162327689826739,-0.5370260061360259,-0.5694316616843415
112,2.5288070025370972,0.0,-1.60378803518446,-1.046639724475538,-2.064171671877346
113,-4.5928996244354945,0.0,0.6595189934277315,-0.18897419262734322,-0.9455774119859363
114,7.611075360260823,0.0,-0.8873656419709834,0.9088733637572382,0.09538556406399025
115,2.231775179360794,1.0,-0.7990409855524109,-1.7134705054793287,-0.8678257860759392
116,-4.879140607239586,0.0,2.1362059837830696,0.4336813706412409,0.08653972995334974
117,4.314409825826466,0.0,-0.43300350385403225,0.6855896265071799,0.34710536404400233
118,-2.1557490018720964,1.0,1.6441441574426094,-0.13678731628993054,1.2104408865366807
119,6.651719811364678,1.0,-1.4390010669473852,-0.9526792474648181,-3.000498701710225
120,-1.299103152589419,1.0,0.5259396340784268,-1.251122710127392,0.7048076524548876
121,-1.5896896715757496,1.0,2.739935202205827,1.1287329369721462,2.3532102271629833
122,3.126575511397382,1.0,0.12538772020846617,-0.1462239723937852,-1.4173987244211983
123,3.320130155184729,0.0,0.2071680011814104,0.9797974861644978,-0.7504598646519145
124,4.519705146795748,0.0,-1.266039712635902,-0.7247570718663057,-0.15585220439014075
125,0.5230476183282353,0.0,0.8192631705434542,0.9196325874524771,0.3514844589246208
126,7.7699020384167605,1.0,-0.8275224077659029,-0.2640949752265281,-0.4398856590191188
127,4.004041860072067,0.0,-0.08143644819398067,1.2073972512022322,0.5819605236594302
128,8.102412587912934,1.0,1.1277291780842211,1.5763202643744356,-0.4397021597899601
129,4.860464652765942,0.0,-1.593281461387692,-0.23952066855929868,1.078493190566435
130,16.90332572582045,1.0,-1.8411689099194355,1.1352311371535884,-1.0703106394608113
131,2.1464860767415246,0.0,-0.40352489099549627,0.05777972786741725,1.0747423661420719
132,-7.118816034975947,0.0,0.8903966376570911,-0.8105466773167223,-0.16167784894054976
133,-3.2819905383478885,0.0,0.3467409704245744,-0.39449211802362744,0.5210104197556995
134,4.726085553658512,0.0,0.3845329700780045,1.8072369168432758,1.189132061059116
135,2.848237585736334,0.0,0.1952128628109995,1.0374171994297723,-0.4001271506559168
136,-1.153678361828163,1.0,0.7445253152674915,-0.6096524416280177,-0.2501502809885605
137,1.2366330392676392,1.0,1.7654463182233775,0.6847821270455839,0.7330660268636228
138,3.9657463196529656,0.0,-1.8129984468006732,-0.9531276027578589,-0.26575863904203095
139,16.965602568028547,1.0,-1.812408640708237,1.06185464070376,-0.7976209799687701
140,-12.587492065143513,0.0,1.911135891253091,-1.3456045976820996,-0.22071196170765192
141,-0.14307413207809638,0.0,3.8538858580721675,3.8715696273738853,1.1094431776312659
142,1.0232754618779074,1.0,3.006346269410315,2.176284898646503,1.36389295862145
143,-0.2926695069511534,0.0,-0.8542868281792676,-1.1427561941086006,-1.2732814856030767
144,1.631118596366432,1.0,2.481432620524958,1.5274355302928404,1.5268621893148628
145,-4.229683926458835,0.0,1.001440735564678,0.4650712569694022,-0.4235329971582852
146,10.905423136988297,1.0,0.3554234652312777,2.3846638800169515,1.2395513716746633
147,-1.9615309335982622,0.0,1.0469184623265089,0.5385774490265303,0.27714832525638233
148,5.921248131541699,0.0,-0.9908441920263544,0.6133955895407432,-1.6636536890479978
149,1.7953021871993515,1.0,1.0208787971792879,0.009268141002738553,0.480067624830957
150,3.5371612092576212,0.0,-1.1767545106005737,-0.2140242639632384,-1.6055562786705713
151,4.027456345395164,0.0,-1.8094887114867277,-0.41417704150794876,-1.1175760449230303
152,3.546690127050661,0.0,-0.5224924384054128,0.2125082424382144,-0.6391016165965488
153,10.235688079267447,1.0,-0.0022554474737568647,1.7526123852732938,1.033153349662604
154,-3.504644080915782,0.0,-0.07697197927350856,-0.6420292445786036,-1.3886667328607876
155,-2.561291022156395,1.0,1.4712681209008482,-0.6391050204485181,-0.3954974836347656
156,8.341336012416983,1.0,-0.4994330238939518,0.8528013504347033,-0.9990273652449146
157,3.70467743244865,1.0,-0.6773794007120635,-0.9993793865591843,-0.7005391376326354
158,1.4986243978202467,0.0,-0.51398209214123,-0.3857757531317776,-0.45807084478839105
159,2.489302279054258,0.0,-1.471395241398393,-0.899836107041142,0.06012284269025072
160,14.540690320758022,1.0,-1.544991460007067,1.1019672895801775,-0.2897578030624689
161,8.400507437619877,1.0,0.6172500820493669,1.653241021910422,1.6097979981096482
162,-2.3363363211981176,1.0,3.193510753019574,1.3886329557195163,0.08716586904584875
163,0.5042098086642853,0.0,1.3879582426301644,1.8901265904976483,0.3586678613326594
164,3.6834368672626243,1.0,0.37525600163442135,0.41648789919389895,1.9741976518136306
165,3.829019967737075,0.0,0.10191630190916802,0.5164582047425383,1.1739369139147195
166,4.995307472063563,1.0,0.51795320006866,0.3147322900983784,0.43096763554689793
167,-4.105345749865189,0.0,0.8959074240571265,-0.09785150530900215,-0.9196729557760687
168,1.9464492818025987,1.0,-0.7514475293877096,-1.3980373907845687,-0.6720729971459903
169,9.830476346430089,1.0,-1.2738214210556447,-0.2091022372600572,-0.7807513715279435
170,7.733953035006092,1.0,0.09675230943406206,0.3160877030607752,-0.4781420550218733
171,1.1794343556198905,0.0,0.8757336590700693,1.1495398064437243,-0.2818614608524166
172,-0.5541371998327602,1.0,1.9994098644216385,0.5971731289207526,0.4360864313578637
173,5.18113311163756,0.0,-0.4477057553030162,1.047142778953075,0.8570511948232723
174,0.53024440804446,0.0,1.5265277556781187,1.4253794787686507,-0.2136502465085561
175,7.8279601112183785,1.0,1.1265712279273599,2.0361557306124163,1.682030514264535
176,0.1571267266926334,0.0,-0.6210039497209203,-0.47666417787172805,-0.5563634168410223
177,8.821350315094485,1.0,0.23435304546593708,1.5440941904260503,0.011521134054165062
178,0.5906248603263273,1.0,1.1641213652062328,-0.04684903206840674,-0.4965624160251674
179,-2.3113268167917034,1.0,1.4012628018035929,-0.9812354712045875,0.3184923703297232
180,-5.053822957296143,1.0,1.4133703288365518,-1.1710499324437054,-0.5771136388900832
181,-2.0079237977314435,0.0,0.2141747837170152,-0.7198652899291682,-1.3042555817463453
182,4.2050440604138135,1.0,0.6684128058273875,0.6425489511899259,-0.3322335765361705
183,5.569755965148579,0.0,1.0771810179880859,2.576784151661925,1.2895751475107264
184,5.121000647657557,0.0,-0.43091772057480915,0.96471124301135,0.8376875147841883
185,-0.1554496327667957,0.0,-2.7802338871337704,-3.2894232914729,-1.5397656959338666
186,-1.8584234265214734,1.0,1.3897742904802395,-0.6414481203717796,-1.368097220924532
187,3.363132670238612,0.0,1.0047817186873462,2.021016421538151,-0.08231995247796749
188,-13.066094942302087,0.0,0.6719373497186594,-2.9908354132193424,0.981064908569899
189,-0.512120084066811,0.0,-0.5916066083635687,-0.5818882572432418,-1.2742620362484602
190,3.760694789774061,1.0,-0.8649399837123097,-1.6405886006302168,-0.6774578236306708
191,3.0113525958148433,1.0,0.9998126579222312,0.8531762440539302,-0.527604873966327
192,5.756456774624817,0.0,1.3689782868042764,2.909073144919896,-0.7104052008761987
193,5.845102645787334,1.0,-0.5083463152990775,-0.12424953141904772,-1.106791356519099
194,4.432776371863466,1.0,-0.7746959236306397,-1.0121597510609215,0.2646788442186117
195,-1.9709141319734986,1.0,1.3715521061670908,-0.5498269231020187,1.7657619795669655
196,7.904750926827609,1.0,-0.5904171167157494,0.353801383592714,0.806331470494841
197,3.472676477612195,1.0,0.6816530340695186,-0.313031956418588,-0.506829697150825
198,10.064871164444563,1.0,-0.20998148819027893,1.2857734691050076,0.5202442705830276
199,6.58480586293807,1.0,-0.5232616524014766,-0.144762152775272,0.4859053066614471
200,3.5246061772719717,1.0,-0.4559237478726493,-0.5146478618770086,-0.25972389886204633
201,-0.9002678303970656,0.0,0.9592790432592574,0.6337039600846748,-0.24522541710412948
202,3.2199325381966606,0.0,-0.41097971445510656,0.6558667747868868,-1.054146628666924
203,-2.227340305630398,0.0,0.5186311022934723,-0.4462653873858542,1.2631122966064507
204,5.789496485850167,1.0,0.4603247757167941,1.1528328513265862,1.7342906035976113
205,3.8693420400044864,0.0,-2.9250438406012678,-2.1887724664477486,-1.4674169996521451
206,6.081823329293431,1.0,1.6877887618098395,1.754839065038858,0.5147236636959395
207,-0.12687684047799053,0.0,2.191931027169624,2.0024327922626677,1.552364508196965
208,-1.4792003570903525,0.0,2.4231187762739106,2.5248757685016674,1.4860982210686398
209,0.8138450908667907,0.0,-0.8159249558796107,-0.8694478049208422,-0.772138580724384
210,10.425024562055246,1.0,-0.6663145683635717,0.43221430880954803,0.2825995728751091
211,-2.4825498232893404,1.0,1.5214990143559315,-0.34376317282521673,-0.06344999542159943
212,11.384361803724346,1.0,-0.4789352814169993,0.8682620403487469,0.7632500368953892
213,3.5908433345446173,1.0,0.08457053601632544,-0.6583109479883603,0.44831235323998697
214,7.100431601619767,1.0,0.3544054253306751,0.3970516527803704,-1.07641679496811
215,-3.3752094436582345,0.0,0.6709425260245254,-0.48532156826837247,1.3482914402818442
216,-3.1728909271948122,0.0,0.6397961713824672,-0.018381198739898345,0.7259999089143822
217,-5.01575689066255,0.0,1.0419765526828457,-0.13166330900084366,-0.13584603262886358
218,-0.520085270056466,0.0,0.9571428520019492,0.8939705440971873,0.656130699446847
219,4.324593254213419,0.0,-0.48922870632872434,0.6927260087142376,0.34917334753193807
220,7.023999736288449,0.0,-1.7675875040867792,0.039225827705398855,-1.6222871176475224
221,1.0646011871520016,0.0,0.6020086388039338,1.6110228084867462,0.5692104028186791
222,-4.277317245389786,0.0,1.7719501575250878,0.4594443738292356,2.259342436238126
223,0.3396110754722811,1.0,1.8435205887923856,0.6940374642739142,1.5889134214921408
224,-1.627371782444424,0.0,0.33036331673811686,-0.0008987916854615465,2.3415985522896388
225,0.7222416722056079,1.0,0.4763416471112452,-0.976193878487032,-0.40901029285550117
226,-8.224282700970925,0.0,1.167635994579065,-1.225585482273765,-1.9767676983233498
227,0.7455855111166627,0.0,0.6229045867679038,0.8185995950389182,-0.24459508978887387
228,3.2134547984741153,1.0,1.2362336255041784,0.4105136097335714,1.8343544931653875
229,7.799236545071477,1.0,-0.7555899831656366,-0.20597142878461974,0.937591115924211
230,-0.027936882629201687,0.0,-1.7469090372076739,-1.7453249500879453,-0.7241293546585836
231,-6.8973140242843245,0.0,1.123891518111918,-0.7099579191356346,0.6456804265670854
232,-6.603608677137752,0.0,0.9688653457033122,-1.5577470173859993,-1.1650564983660365
233,0.16109112776323276,0.0,1.3904430951051245,1.26341369384967,1.7246609987301638
234,-0.5833093166005293,1.0,1.4983568579820608,0.12524504561273572,0.29152476159211016
235,0.5863992870432251,0.0,-0.38187143299594417,-0.21458719224093367,-0.8603578645834264
236,-0.10584335756542029,0.0,0.024552573326239054,0.44872130022642576,0.41871730519999256
237,-0.2925504754322834,0.0,-0.8933103228204419,-0.7431537127233457,-0.8303949381348534
238,-9.136531426322634,0.0,1.0487459763633729,-1.1540436674065768,0.3498563228571626
239,-2.727923214250193,0.0,0.17803785678426592,0.054606259587134914,0.19255947356055114
240,6.214567526247666,1.0,-0.22368630210157844,0.09951189355224481,0.09464722916151648
241,1.6128709329365005,1.0,1.7433153013720208,1.5210977403659096,1.5052995811261887
242,4.728964223090585,0.0,-0.34170776491165533,0.7557198947628491,0.3950373267659088
243,10.695752599691362,1.0,-2.3817286638296293,-1.0011160767108374,0.5976678892471793
244,5.813176494367144,1.0,-0.5360794190369219,-0.5138136146569952,-0.8041932806305145
245,2.8866685909951486,1.0,0.7984835517021526,0.2204808723039132,1.4894920193128662
246,5.739091436261111,1.0,-0.5739544515407666,-0.16195352418450604,-0.4994435174936175
247,6.986130494593886,1.0,-0.3911415796449022,0.38726453624148194,0.7292193154042984
248,2.214924763619493,1.0,0.46573269571718706,-0.2803179686326875,-0.5680888384510956
249,-0.24092267987808946,0.0,0.8534736078825388,0.39114352770604494,-0.6725236663380235
250,2.145120334134925,1.0,1.6990999146749637,1.0832991004874926,0.22506502549345578
251,7.252075579210206,1.0,-1.4605646686640619,-1.1537721536438403,-1.0003976156104575
252,8.031762992757901,1.0,1.3976573537210673,2.1796299897068807,-0.13784311960287546
253,4.433079933982535,0.0,-2.5770220797463637,-1.589617607605182,-1.8001429089929313
254,-4.125805053037406,0.0,2.0579797577811045,1.0606648215113617,2.6015093148096757
255,9.37702009290153,1.0,-0.5060053208680032,0.7677159893383075,2.3036097801680184
256,-4.655848740649059,0.0,-0.29199132154273144,-1.5012588656696049,-1.8522562768588644
257,2.642426358482288,0.0,-0.6802202116661953,-0.1839429655173558,0.06535292521738012
258,-1.6302298607077708,0.0,-1.0093096895859381,-1.7299935068084813,-0.5425468626212323
259,10.197538718382326,0.0,-2.4724350489250124,0.2790434015041835,-0.13722131538478669
260,3.9120687354631727,1.0,-0.12320690580405162,-0.6701836233588491,-0.4587963954551758
261,1.0827652107248094,0.0,0.7876697735529014,1.0423469121486173,0.41414610922484185
262,-6.5540622663060875,0.0,0.6994585849551446,-1.1781425647794603,1.008185566304675
263,3.8207872806162015,0.0,-0.5516501903263153,0.844861778124383,-0.09045427688635198
264,-4.778934796891873,0.0,-1.9452198012726813,-2.79812647130215,-1.2261782976459885
265,-2.0675257215198912,1.0,-1.8578664857630178,-3.329443888799374,-2.622864525901398
266,2.0229923931851292,0.0,-0.7359220770669913,-0.008318724144496052,-0.7630834019817521
267,3.595452548703735,0.0,0.3512831028645627,0.9588231472702327,1.376052450466578
268,17.462407355208313,1.0,-1.3996946599521845,2.3547000681967325,-0.4172424824730198
269,10.790068871210575,1.0,-0.17663183259549417,1.5703464979664947,0.33015833257414057
270,3.160902537112171,0.0,-2.0102600804206405,-1.5474932359368025,-0.3141269688961608
271,-3.5742557653582367,0.0,2.537032844737539,1.5126822847921446,0.21500112396584142
272,3.906279967711666,1.0,0.6274144833038099,0.6178690065978286,0.6429394366664586
273,8.160162300332821,1.0,-0.06358553649547066,1.0693310275562147,0.897510285984924
274,-2.2442680320956025,0.0,-1.4422565417477293,-2.111497530259761,0.4628980058470382
275,3.8714569149297455,0.0,-2.6319072454428207,-1.5304824397610384,-1.8243513541878138
276,4.794233746284343,0.0,-3.0245007489706004,-2.4309901022740434,-1.6539750646536568
277,3.1703813212457534,0.0,-1.6024168421230034,-1.1328205941681262,-1.0073341449995354
278,-0.3537452412625748,1.0,-0.25801453640575545,-1.2204997685974868,-1.0223809840989089
279,-4.702860563738954,0.0,1.3050958526285215,0.1856836349046306,-1.1020221747580066
280,-0.7780999339647006,0.0,0.271858148036078,0.6169037073291338,1.3692576489138644
281,-6.014575616895782,1.0,1.6038021842687364,-1.5861137882212903,0.5462505283446583
282,-1.0617796552653065,0.0,-0.38217019072217595,-0.5991052248936755,0.3501303224511771
283,6.73909929245224,1.0,0.8733138634568302,0.7397446679970188,1.6714605020202988
284,6.308894825954339,1.0,-0.5193012050724988,0.18204633039020945,0.7041668331136376
285,2.939080628038118,0.0,-1.531378464880389,-0.3654705625575204,-1.1053952489378156
286,-5.382386892946897,0.0,1.5758551987436091,-0.49726270681842294,0.08347061087747103
287,-0.927233897931991,0.0,-2.3992270208890267,-3.228983395441702,-0.6360552638461615
288,3.0978112215415576,0.0,-2.3722777682193805,-1.918138984371175,-0.8330610418608081
289,4.854919919160583,1.0,0.4952505599931048,0.5295803022119174,0.4177618833571484
290,6.789605381918059,1.0,-1.3251827551544333,-0.6221857855899218,-0.5532041208942161
291,7.858557571078545,0.0,-1.707968236357671,0.7310831428955762,-0.02863871949294046
292,6.002040948424978,1.0,-0.8129522171211506,-0.31096962441037923,0.6516736010658722
293,7.581278906792307,0.0,-1.074979409101058,0.9592305161225593,-0.22752543895176597
294,5.61879148354236,1.0,1.5537674969806605,1.4986376259492846,0.5995953084340996
295,7.11794689741052,0.0,-1.313984289291206,0.385088152356541,-1.0189874228141982
296,1.7379943123580444,1.0,-0.3907168777361541,-1.8893895650095027,-0.1620347995106356
297,2.3686587735909477,1.0,0.24410112592260672,-0.486182631263128,-0.34936351814092403
298,-1.7436487246177317,0.0,-0.383359859776366,-0.8309989486358422,-0.6018814450257272
299,6.03648126177883,0.0,-2.99175990558213,-1.3071559207739687,-0.3920415347120439
300,-4.859760892541355,0.0,1.30695094130312,0.18552401754033582,-0.15295244259267093
301,1.7502639848228028,1.0,1.0738735683705547,0.10224058772668687,-1.0057169174270413
302,-1.048003706564189,0.0,0.688378964453529,0.46103597818476755,1.6593129633578876
303,7.4995993720111995,1.0,-0.2974901223838846,0.32576523882050107,-1.2796362401220558
304,2.856287322453088,0.0,-0.46825839769279093,0.06026495770286855,0.8686286252173737
305,6.585718043837989,0.0,-1.0341460681819699,0.9250331451229284,-0.2573837712999312
306,1.1264061915447918,0.0,-0.9022469270996166,-0.8194170295432837,-1.4519689429357248
307,7.0928996490622,0.0,-0.2460649658071451,1.4360159973078945,1.2938475382869925
308,3.279117516356088,1.0,1.4331926998524327,1.2852045441711988,0.8466495634689563
309,13.805428552034686,1.0,-2.3910452205669284,-0.27559981204816647,0.7540176835362032
310,8.633399559269575,1.0,-1.5741762446631586,-0.624912141753819,-0.9901682096981004
311,4.436134142144785,0.0,1.0241424525574445,2.2089706050250872,1.6688218290392713
312,4.22785789674622,0.0,0.08108373829944053,1.465197566397721,0.024938310073512493
313,-1.1797598191600847,1.0,1.9954745282710158,0.5799619883691306,1.7694630395240514
314,10.78193822037726,0.0,-0.9027510059339485,2.2240110605253487,1.2623836933630679
315,-1.8583265169123933,1.0,1.6976088894363606,-0.06274467105206812,-0.12597066449230837
316,2.548525231528098,0.0,-0.054424917762891024,0.41485138977718383,0.19758881366630596
317,-3.7822200061771847,0.0,0.2508086559516263,-0.3905766329358293,0.08353479636143746
318,12.15467335600338,1.0,-3.855864504203519,-1.6037022886278216,-1.9181412661559378
319,-7.308200185930912,0.0,1.313733629952787,-0.9129377294923283,0.11425801499030203
320,-6.1018472179528995,0.0,3.197413274710928,1.355761527408908,1.3105990237884841
321,2.911109959782112,1.0,0.1490005513607288,-0.6736304889088618,0.7004222556197601
322,-1.6611102011370504,0.0,0.4531654850862253,0.14197434868731434,-0.5225498017728022
323,7.1514285618649645,0.0,-2.413610461636343,-0.7352383618538179,0.1154661896618793
324,4.937980800460864,0.0,-0.1920946128784628,1.2141290046227529,0.456659326630275
325,-6.1956694310532585,0.0,-0.6968815052145375,-2.54734561396678,-0.8908782037370389
326,-13.883008530890496,0.0,3.513224416276232,-0.31882198393716044,0.6685746849395845
327,11.660341447265717,1.0,-0.7767064132710232,0.6026444535178862,0.5382066811940648
328,1.2268401951024195,0.0,-0.36435651643636563,0.0023691895756931514,-0.6485187782653618
329,12.41013479077571,1.0,-1.2037719875564956,0.3117505342157027,-0.26373595724151777
330,5.434138794496662,1.0,-0.9706555335681171,-0.927210503629486,0.260334709316631
331,6.634639830587686,0.0,-1.6440398293867349,0.30670803645086164,-1.0366088320853333
332,4.377655225704822,1.0,0.2026860511661651,-0.04276694107420616,1.401606874103784
333,2.7277067091729017,0.0,0.8333247237232648,1.665016844540645,1.3617551697823234
334,0.2388501401908834,1.0,-0.32397981289025146,-1.6178402603894138,0.4592829552840562
335,13.91507716695256,1.0,-0.9557241254121169,1.2840081787915822,0.2593304097025659
336,1.9138430736289744,1.0,-0.17764044759078665,-0.532988128042396,1.3916297172229184
337,2.3165982324344045,0.0,-0.8992785534444513,-0.20979396767209088,-0.6274182378736344
338,-4.407608837493948,0.0,1.6984538092358037,1.0443236480019946,1.8684359544070752
339,5.204359969439325,1.0,-0.12055473621484507,0.2798441924294419,0.8944002209685644
340,-0.46405393512108595,0.0,-0.2401279277437691,-0.7502797262799318,-0.5393792648802309
341,0.4426097113890469,0.0,-0.2847840954003386,-0.3362490793763023,-1.8760357685162985
342,-8.576402379432366,0.0,2.3295540450460814,0.16440312824373113,-0.4613871435986598
343,-0.8212504201251377,0.0,0.5739864234495036,0.11842601241551,-0.8255949524399634
344,-2.4543772537421185,0.0,0.13751783744963714,-0.09867627764919738,1.2983850181838577
345,-3.6423830709395095,0.0,1.5719165899871421,1.0007662459214894,0.10166511734970736
346,-4.23871834138145,1.0,0.3313143807038288,-2.268542395219741,-1.2352656120421739
347,0.05340529066014321,1.0,0.7178693475657967,-0.3682603288348083,-0.4928835196004215
348,3.3188001711570725,0.0,-0.2862123346500456,0.7458899644345341,0.21023393572138557
349,5.777975744666003,1.0,1.4061698516547119,2.316873202452749,2.4896839084986873
350,-2.371390755731327,0.0,-0.02529771234160056,-0.987251458727028,-0.4135459853192665
351,-1.0469482554818077,1.0,0.7572274420163277,-1.5629735214693043,-0.5723531032635433
352,2.06863292935883,0.0,-2.0027712329688216,-1.3445047225374371,-1.6562196942588792
353,10.48336694783387,1.0,-1.7389038057456108,-0.5627662013225331,-1.67639247368904
354,8.419855337480422,1.0,-0.047543313928559545,0.7415104450905358,0.5086280308203864
355,4.575581222945089,1.0,-1.6943897905894496,-1.6053762401610656,-0.7404287320275508
356,1.110207370503483,1.0,0.3202655427668513,-0.31292788419465195,1.1136678488216214
357,7.2283929186813705,1.0,0.5939930047956788,1.138958073682329,-0.7859093299848023
358,7.547826226161869,1.0,-0.7521394179964587,-0.1259612018246409,-1.4701129879607058
359,-9.971751078635831,0.0,2.068607064883893,-0.777537273347257,0.37657384396957794
360,1.6524729705110786,0.0,-0.4832254095790904,0.09189451770431956,0.6181188397720203
361,-0.4088292057645013,0.0,0.5859881188813525,0.791019839995301,-0.028361913943481455
362,11.065944327901647,1.0,0.870914604580797,2.06164728087116,0.6928014625227265
363,9.970866815949861,1.0,-1.3164784282217832,0.005031648285431899,-1.136022700357598
364,-2.029372186227035,0.0,-0.2849096919786124,-0.8372347634626824,-0.3049053912075968
365,0.6727501878440922,0.0,-1.14706984086576,-1.2259914239221,-0.3434738227641413
366,12.39051113122373,0.0,-2.0502839622724847,1.4175928868210206,0.8936081616337844
367,5.007503237159381,1.0,2.135128618092355,1.9985049025838895,-0.021277070358568607
368,1.9511907146974214,1.0,0.6664003111820685,-0.13400698870568725,-0.8328569826930081
369,1.7138370119726427,1.0,-1.0937298899005792,-2.0478933296203023,0.746277960832931
370,9.270929417233916,0.0,-1.6464920803463918,0.8293270366796018,1.0385326703378936
371,13.931893789258663,1.0,-4.564875552485159,-2.5515168781143887,-0.7889177873753439
372,-3.365421313171404,0.0,-0.7589765869763285,-1.5891983733130437,-1.0301913979357364
373,2.852560355420664,1.0,0.3406687066555841,-0.6201453305794825,-0.0065574606962826906
374,16.621321994413726,1.0,-2.4671118037822044,0.5364742634792361,-0.6160026214798101
375,4.613480184264131,1.0,0.623852319816175,0.49601990169831944,-0.625195252024843
376,-7.223544459283371,0.0,1.0231937542922729,-1.5380006936304322,0.025468769258288507
377,8.563800036294799,0.0,-1.2490613287639978,1.1096063719739162,-0.639371338218841
378,2.148322659194741,0.0,-1.0795365195414741,-0.34689626590069245,-2.2425727837643743
379,11.045885026893362,0.0,-0.7353576518630602,2.526889313887712,-1.018585216510531
380,2.9619728795657805,0.0,-0.5451959504009026,0.7456772503171931,0.35947704971471034
381,0.5675645077123133,0.0,1.1298679464864405,0.8333034158103882,-0.9194765107856212
382,8.664707203258402,1.0,0.685954422061119,1.5290261034518422,-0.05846646246603802
383,2.3792911718218788,1.0,0.8788164528453999,0.35654633700749316,2.527070704033399
384,4.011938978326388,1.0,0.5999809083329644,0.3513090486795532,0.1421223189559174
385,-2.071778654484497,1.0,0.274208034581941,-1.799162543023946,-0.5398384792381824
386,2.853438402692683,0.0,-2.0508746434643714,-1.1192700462101302,-1.2491666810024313
387,8.93749760847227,0.0,-2.4418858572607802,-0.11024359686842823,0.05407695751230454
388,0.03657292195922657,0.0,0.6784389102003457,0.5960158075610779,0.37058526221717103
389,-4.783614725359878,0.0,-0.49920362135421137,-1.7438958858889568,-0.8085448953369797
390,6.06972387504329,1.0,0.5380042882422169,0.42250391118332614,0.41092500525042763
391,4.045022280041623,1.0,1.2174008652830839,0.7282798283473602,0.9505608328670476
392,0.2279333653274076,1.0,-0.18725794765074957,-1.434724567512376,0.07567681117137526
393,11.214852014374095,1.0,-0.9950344152460008,0.3624768347193922,0.18766660507528002
394,4.294068657305216,1.0,-0.2689411402068082,-0.17814750042176214,-0.9328438737445082
395,9.744869283650033,1.0,-0.7879396333589535,1.177364670190071,1.2905774545747188
396,-3.382003979982208,0.0,1.319138565352409,0.6435109092741672,0.041989782757862956
397,5.990161667954194,1.0,-0.016282631745574514,0.0724551898732135,-0.3876122949175041
398,2.9999775002656808,0.0,-1.9356158928042848,-1.711440676582207,0.9873403788186255
399,8.938160005362874,1.0,-0.5013674930640006,0.3187266573607095,0.9068770478662658
400,1.4094405270545896,0.0,-0.10338055632028796,0.24618758831946563,-0.3620156153252437
401,9.305767060346307,1.0,1.2145237030098706,2.5441166501314383,0.8572340544458842
402,5.11258702439401,0.0,-0.6841745906378065,1.081168041599461,0.16872665474894066
403,-5.409439506220667,0.0,3.0728982662876523,1.7634220728908787,1.5161477781690675
404,-2.5607064714218426,0.0,0.21233215486963603,-0.7068540646627008,0.6352206664445854
405,5.77537677997573,1.0,0.27008743815513503,1.0062868290305313,0.22241285746924788
406,4.534337183085248,1.0,0.703500190287977,0.7993528113952953,0.9561369600100424
407,-2.263669575635038,0.0,0.9537460527172618,0.6366070815651337,1.043022678207196
408,12.383152648374464,1.0,-1.6044283697043356,0.23642264239279498,-0.8962940174874429
409,3.8401116182952904,1.0,-0.9174028020640413,-0.9359199636324691,-0.44215172735813624
410,4.122499890831388,1.0,0.25174440236525214,-0.46852895094538594,0.19503509573750646
411,-0.2963538216728535,0.0,-0.005604291874640839,-0.27871721476661804,-0.1253604775588471
412,8.023081566636488,0.0,-2.100531793611339,0.2977694003459015,-0.5346222823931982
413,4.1912380100312765,0.0,-0.9679827165237509,0.19897563410732316,-1.0848860267138216
414,5.23399052091526,1.0,-1.1552938188761104,-1.198235051726161,-0.0568240652301835
415,6.804127820099836,1.0,0.01711559827781268,1.1941719215407434,0.5236663115005795
416,3.2778141795963736,0.0,0.009470452430348367,0.6921085516761168,1.3818474649182648
417,-0.7982637337132561,0.0,0.43603673173565344,-0.11122974322583971,-1.732571211839481
418,4.302962655725821,1.0,1.3396300896372875,1.0785795628429908,0.9444950699526423
419,5.963654720666033,0.0,0.08583041845069561,1.9703717299853247,-0.5408252356776777
420,6.045536719495967,0.0,-1.0080233185640395,0.12757657325746308,-2.2645782491886726
421,-1.8685656390062269,0.0,-0.42530257152021983,-1.0843347108642463,-1.4658665512167264
422,8.347123988931388,1.0,-0.08214581459846111,0.61147224606709,-0.46498413917127757
423,-0.6314197104701594,0.0,0.10661794819432363,-0.09831995813934741,0.18431900690599892
424,1.0063581703664286,1.0,0.37274003086932583,-0.9490239632130703,-1.311454247072234
425,12.429826035719431,1.0,-1.52034942252275,1.0965998865960693,0.7213279893618859
426,6.768334681559929,0.0,-2.5337137908419005,-0.7681878435451446,-0.1704477702174006
427,-4.95886066733523,0.0,1.9399186425920516,0.8951829150011474,-0.3273440354322785
428,8.15293062288392,1.0,0.6260812220051576,1.3850736127789225,3.0453162226375077
429,2.4173104017995706,1.0,-0.13962546011123086,-0.28828580610348975,-1.2777436881578277
430,-2.5617342113129715,1.0,1.870067800952208,-0.23880613288048932,0.14595622809205533
431,3.5610020483819183,1.0,1.169199510935908,0.9582263508320481,1.1293703592266382
432,7.641012032363552,1.0,-0.25736402941913533,-0.054467164583297034,-0.9177054779122386
433,-7.557721758181716,1.0,2.533144325366076,-1.2292289333911661,-0.04174123787598455
434,13.754569829110316,1.0,-2.184754250429831,-0.19249896063573305,-0.7281447481535438
435,3.818160469392345,0.0,0.6380872936205135,1.385565727552888,0.7330745181770869
436,7.740557276773341,1.0,-0.8378900228750841,0.49069222564058845,-0.22710652600558748
437,6.571963744854204,0.0,-0.9535973538711855,0.8707612971304061,-0.15505961824189154
438,5.780000212252652,0.0,-1.663413943566541,0.030420161465890813,-0.30729840091349186
439,6.969087080013596,1.0,-1.9913201167651395,-1.5495829164047048,-2.920025229903035
440,0.727778430165828,1.0,-0.7125665572193833,-1.8598596688057005,-1.192900800782323
441,1.27081149946322,0.0,0.04027914614469948,-0.0032299071767878168,0.4891484622544824
442,-2.804851329144262,0.0,-1.6733029544661335,-1.9908190632198755,-1.6193144859586694
443,4.820425576241835,1.0,-0.5314539097259591,-0.5191451754643801,0.5673379845146528
444,-4.29358610381256,0.0,0.9050179961474274,-0.3896439009211094,0.014575149647094618
445,7.837806372888756,1.0,0.5424003559611211,1.5476044108469635,0.4624149750753299
446,-3.190216378604939,1.0,0.7248531365629824,-1.1518609898119456,0.17879796091012726
447,5.323048672508436,0.0,-1.7755121376348504,-0.32532561720639314,-0.2658185466579619
448,3.8815184452572007,0.0,1.8583432149002481,3.174013727329603,-0.3736361073076851
449,12.172309710097775,1.0,0.33465376980104994,2.1844677270617847,1.8767263699515897
450,5.777324611696416,1.0,0.28682047708202724,0.777501243831991,-0.8463382181764296
451,-1.609445352561314,1.0,0.9653315555646774,-0.9985702317688988,-1.5878674772053372
452,7.299697694652773,1.0,0.2828201607043695,1.120045645979173,-0.3820227803581646
453,-1.9652194560664353,0.0,0.1493959902077054,-0.2824992499675439,0.30626177765195955
454,-1.336908124825817,0.0,0.6548724589479489,0.4358768003263237,-0.7493590578733874
455,3.8082484290756407,1.0,-1.5304131385830704,-1.60435303113446,-1.3081070005762119
456,4.778685438510001,1.0,0.5594165725708461,0.6579871669137157,-0.16994178768843227
457,10.591312308277358,1.0,1.1038302717102781,3.1191318975215303,0.9850909175873777
458,4.100955890405135,1.0,-1.5529394600872635,-1.6846301382968571,-1.162272518570742
459,-1.6084322229056527,0.0,1.0413911333367163,0.8189355196851974,1.700864010375224
460,-4.133859997412448,0.0,-0.27855683323006786,-1.6375209958050074,0.08667517019479899
461,8.632689322652173,1.0,-1.9071587766254219,-0.5896809471664771,-2.0375731164648587
462,-3.1104348605893697,1.0,1.6884331324635915,-0.7189233331553266,0.8561098261762289
463,10.34190370593504,0.0,-1.3976644600077026,1.3533871896034393,-0.12438452940130855
464,1.2141377003332565,1.0,-0.13622529042772913,-1.2973254196723119,-1.1675762392497322
465,-2.486482716891697,0.0,-0.06153726713755592,-0.7992913924183446,0.8611334381247511
466,9.226714314218883,1.0,-0.26233613405728057,0.707026339970686,0.7705828207690772
467,-6.99179517958878,1.0,2.9948765329318086,-0.23264942011174675,0.5106865575915589
468,1.8794391714780478,0.0,-0.23901016255018886,0.4555128594108596,-0.16544228116806511
469,1.4573951103101772,1.0,0.29499941356707987,-0.5416252093943672,1.5236426748881062
470,0.04224578362022635,0.0,-2.0508984859058033,-1.75118904472932,-0.5297233614989895
471,-2.219893054504011,0.0,0.19511632998456982,-0.38010670685562087,-0.5312858226471396
472,8.606775484748905,1.0,0.17884517483303042,1.4678480967328675,0.8255074992900489
473,10.522792419153246,1.0,-0.2294568677756288,1.515161070416636,2.653788819083068
474,4.154300186893357,1.0,-1.1596229003292817,-1.5331678166664198,-0.2417590514486596
475,-4.143071333320385,0.0,-0.14675720910184237,-1.629198825469717,-0.7427462652490142
476,-5.077223906425555,0.0,1.5137655087004898,0.38410881947707404,0.6343402166792935
477,-2.499327257415771,1.0,0.8412930769605677,-1.1656727573016765,-0.4346593247721682
478,0.42116388130565713,0.0,0.2144143491272229,0.24039423252567121,0.36530803485365265
479,5.220203303300337,1.0,0.5557557291929546,0.5240644009904964,0.8801735352800097
480,-0.7739583889803335,0.0,-0.5453826477558498,-0.7092661600068965,0.0482877750008762
481,6.800036550657021,1.0,-0.5028068469041665,0.46308627927684864,-0.16248801503196664
482,12.414488897511433,1.0,-2.6566314228975942,-0.38666797138335784,-2.0910630379445307
483,-1.6631364206263368,0.0,1.1277255563406838,0.33760857284657453,-0.13301180632771975
484,-9.44463852801214,0.0,-1.0883113289593436,-3.8902548575713767,-1.1298655953671228
485,9.251068418808853,1.0,-1.4071763067691925,-0.734035226419637,-1.7448692093169051
486,2.6642171266691808,1.0,1.2257335309388304,1.0458179143116708,1.122272310333842
487,6.149696085927654,1.0,0.014024607758604134,0.308008535661231,-0.09104843999575629
488,1.985788219750746,1.0,0.8745172660757261,0.32413173571279064,-0.7333945744813574
489,-5.3738932100495305,0.0,0.49758727286509624,-0.5377708339163383,0.7147012535358398
490,9.113638774589763,1.0,-0.11245572765729114,1.093403511456105,-0.06194614796395285
491,1.1820338511481818,1.0,0.5225184661911808,-0.3337594118711411,-0.6315086087078953
492,-2.662450438743499,0.0,0.002296336259185373,-0.32543305896246094,1.2413233991464718
493,-6.293273936356165,0.0,-0.4482799685141537,-2.234673654364494,-0.1174673385754848
494,7.49064642293352,1.0,0.5109949630987939,1.0865180202092974,0.10094146118804492
495,2.2102989691438495,0.0,-2.0886811798632037,-1.5254086352926917,-2.0353119273882103
496,8.062226752110707,1.0,0.9783229741149678,1.693538318651026,1.589791233836416
497,-3.4947773763099392,0.0,1.9327122644917512,1.6347785630771472,0.13703442047036518
498,5.461750226852985,0.0,-0.20127103574595986,1.0305115534177225,2.3055624309904816
499,1.8688822167499373,0.0,-1.4185808393780708,-0.7693470524668052,-0.7439984717722324
500,-7.430167334344558,0.0,1.3737913833549447,-0.2399013193043965,0.8677911286780804
501,4.068559541381065,1.0,0.08347780299791235,-0.4216224354571221,0.9748766905882105
502,-4.749590583097828,0.0,0.05498326521518796,-1.033425049473413,-0.740771758036157
503,10.704706865412154,1.0,-0.46857691614728053,0.999811691705325,0.7725990388755237
504,4.807983389182193,0.0,0.25629193819919066,1.4456724990852918,0.5272166326860993
505,-5.180264117867947,0.0,4.035690845387291,2.7349391847782107,1.739238252574576
506,0.7289743272384775,0.0,-0.35291741036154484,-0.15613965963758664,0.966331692284824
507,3.183244121277675,1.0,-1.1436742426646382,-1.5891911739567268,-1.436893999988822
508,8.78454917647301,1.0,-0.01171901014975319,1.2615438850053438,0.6837571594546287
509,-5.747618759628333,0.0,-0.9519714350119927,-2.620153108470949,-2.0537707243818346
510,1.9582989621048086,0.0,-1.4216727514922383,-0.6010793685306898,-1.315594653697277
511,-5.647040306106323,1.0,1.1969039522421603,-1.9170813292860873,-1.2855458511441271
512,2.493792129087098,0.0,-1.1201946531632228,-0.29258026515151225,-0.5062553388154332
513,8.235815065667708,1.0,-2.682305634189356,-1.882867908185499,-0.22248335906864306
514,-0.6408260793880546,0.0,0.83986224600341,0.9115278543848557,0.4103267851519841
515,3.945060656253623,0.0,-2.069498207709537,0.018925550936553143,-1.4447611301420609
516,-0.08702384350843301,0.0,0.16686884470323718,0.07617677748232678,-0.03352378483981309
517,-0.4001373238994232,0.0,0.6457896522976726,0.5135325243818913,-0.22741572703910862
518,5.256154588638562,1.0,0.5969107065382021,1.0803468887784755,0.9787496020533388
519,10.104745974456472,1.0,-0.7002612440553074,1.0428032240112648,-0.6401982607429806
520,-1.1367936425658032,0.0,0.3670022268229592,-0.08711480407634675,1.023124793891104
521,-4.350796333336661,0.0,1.7143555722771855,0.9478697979092435,0.4583421595756312
522,3.0536889226474893,1.0,-3.0029249232056663,-3.9753057212526,-2.28842470489091
523,8.971697471394124,1.0,-0.6035475404468408,-0.213213267854845,-1.22903750802083
524,-2.3059506950877946,0.0,1.3097278516733266,0.5811353785531267,1.1285001067594693
525,-4.619671331210191,1.0,2.2423126839992102,-0.5733412485214158,-0.1653244932009635
526,-11.306042019191764,0.0,2.452914666545194,-0.6007113359105002,-0.3174749087888998
527,0.15030675425748052,0.0,-1.7645809113026774,-1.3349708451776179,-2.025943739129912
528,2.2460534922996898,0.0,-0.6703928011431899,-0.5564081102200312,-0.1317356675224815
529,6.945946667864142,0.0,-0.2285195232084048,1.8391551080567172,0.620545187439102
530,10.431445192620602,0.0,-1.2783041268194621,1.689180954377347,0.21647638739598757
531,-8.189251620885576,0.0,1.4036489156974794,-0.3375850880566761,-0.6083741387345246
532,5.581394684720353,1.0,-1.5629183418728663,-0.8536014539194833,-2.414789050865874
533,-6.946205271131863,1.0,1.8964859162847132,-1.0391090942991592,0.40230982987531
534,6.743815725739325,1.0,1.3430778730054653,2.2764873800631387,1.3438052918758692
535,5.458630936705556,1.0,-0.33216684461279444,-1.0196170113803467,0.2489073546184882
536,6.320765375315791,0.0,0.019037484362024588,1.630791515046111,1.2993055121866872
537,8.16586438315483,1.0,0.06462895149230966,0.897244693356223,-0.9370050139009488
538,-8.223595137735975,0.0,2.251911367542376,0.2039436343483661,0.9895690218556705
539,-9.812718857952364,0.0,1.9890395900761315,-0.8656698266638656,0.8387989480716607
540,6.273446147538667,0.0,-1.445084894579994,0.47232585877631506,-0.21283243029010185
541,-7.138515892537073,0.0,0.2475015401244735,-1.7350512173826345,-1.1558972550401239
542,6.34534003389965,0.0,-3.2571403259946914,-1.5287385425141498,-2.3223463659026224
543,0.9942900627789069,0.0,-0.3708961839469702,-0.2558934451148061,0.6947203729363925
544,-1.2239985261878157,0.0,-0.18260625629093444,-1.0830630682478537,-1.1277753509853385
545,-1.5270476017973371,1.0,1.7554603611370203,-0.48527571018787274,-0.3218790668951127
546,9.895003950282867,1.0,-0.6822224934875559,0.49496630281957477,-1.1427793566574271
547,-0.6577001431157359,0.0,0.4781206962686072,0.2130031078045044,0.2872141077485709
548,4.429645674109738,1.0,0.8928065098321183,1.464724810359738,0.3857187989451197
549,1.9614571823344502,1.0,1.4609478106094782,0.6122456528041692,-0.46237886655883303
550,-2.974297869205155,0.0,0.5146514088654525,-0.45087734044845384,-0.6692104700526564
551,-1.0612605063188316,1.0,1.8257458173952914,-0.04018956858604569,0.68233650522179
552,4.493568645035578,1.0,-0.20581802892048487,-0.31674975953071555,1.041964311621664
553,-6.517987541684106,0.0,1.0671421819744997,-0.5774149296700112,0.27473134953711853
554,4.1169515278532565,1.0,-0.7122244942760894,-1.233939229874879,1.9414344336911211
555,-4.753877735994099,0.0,1.791247245852451,1.0402318664567922,1.2693201018061786
556,-1.981831076674244,0.0,0.37979402527782735,-0.29247249734255115,-0.3802088938377679
557,3.0263939052867013,1.0,-1.0999122413872509,-1.5810984729614355,0.2279637750899805
558,-1.0526299038963944,0.0,0.21459534735169528,0.059742016828775724,1.3015239489149137
559,4.347819057885527,1.0,0.42836630277488635,0.8453100836069308,-0.5908069533232039
560,6.186800618870812,0.0,-1.4614877686069079,-0.2283036810180924,-1.3077153697877872
561,-3.5868830973021684,0.0,-1.9434768013812405,-2.896980795741784,-2.4948855576565534
562,9.63191660750554,1.0,-0.5011789302524343,0.6389333480349711,0.5196932338484005
563,2.7731205954226703,1.0,0.9909960446638616,0.5078651480069686,-2.8242052166453973
564,6.408276858565046,0.0,-1.309966738375296,0.5838825313270248,-0.7003440572835197
565,-7.016058994589847,0.0,-0.03561134342187724,-1.5602644593927881,0.5705078511645986
566,-4.110988457540358,0.0,1.2021710616105024,0.10975153553424584,-1.7268757700340227
567,-1.2179886840472964,0.0,-1.1624087320600058,-1.5206823035695152,-1.1446168429826156
568,2.5623271484157133,1.0,0.019483812617960002,-0.5092572785148466,-0.2745866840719295
569,7.416115763793684,1.0,-0.26392370060103754,0.6018866707025795,0.8048344549485985
570,3.4264610655436085,0.0,0.15772381205862643,1.4034786288688712,0.5259759808578721
571,-8.796282324646354,0.0,0.36938155183762345,-1.9444719895969191,-0.1517572504695004
572,-1.925566300673145,1.0,2.1187333585658625,0.48203274924344236,1.4080426611781067
573,-1.4794580967828277,0.0,0.040222924673119734,-0.940389562393935,0.6656317125154372
574,12.404631525415953,0.0,-1.4737731223620225,2.109984500049702,0.03304283737629305
575,6.929440966808936,0.0,-1.0427761448480148,0.898644054586436,2.0868727213405127
576,-0.30203897106214594,0.0,1.132831417569146,1.2650050162979618,2.2752085372232345
577,11.261299026148496,1.0,-1.3363359831384105,0.46422737984807355,1.3250628701602938
578,7.602676493275919,1.0,-0.3768093787300059,0.31010931248254026,0.060339342630797065
579,-0.08001936370235319,0.0,0.10571573655171602,-0.07347724055925893,-1.1912760729076497
580,-1.4323829759128626,1.0,-0.4203035073431804,-2.161763551302571,-1.0527730869299274
581,11.284844118352485,1.0,-2.4241938157383123,-0.8431525350824168,-0.7909302189269064
582,1.4074348853470053,0.0,0.8211713521579396,1.3186936453478202,-0.7391608912440482
583,-4.719887682911234,1.0,2.395947478194653,-0.2136245871639388,1.5016137012473598
584,1.4794110429359493,0.0,0.004293502872514846,0.37312597370517236,0.6738530620538311
585,14.047776281048577,1.0,-0.5845638814756896,1.9990635713305227,1.3329661074725194
586,2.5054833779099375,0.0,-0.4417397104915304,-0.10958117237364864,-2.1559239241072388
587,-4.593142897457698,0.0,0.12482093367669408,-1.0690029277904156,1.616950521027327
588,-0.791011700002956,1.0,-1.314699513304437,-2.7609038990484085,-1.7013050947391433
589,1.6400916854157213,1.0,0.3255257944679621,-0.2715684547012082,0.7624311990895661
590,11.514905135612018,1.0,-0.0894501140231826,1.8149663382235393,-0.5764803411702396
591,14.839844781426281,1.0,-2.525401226837003,-0.18668453022272202,-1.2537811430706343
592,3.651836088858856,1.0,1.2817186952044086,1.054073573558803,-0.4323872387781944
593,3.3590296264263357,0.0,-1.554401681300242,-0.6780068298727443,0.03536264758505917
594,2.6323724346744903,1.0,1.1691349936194309,0.26480352991994194,-0.33125972708801704
595,1.2785487728198381,0.0,-1.6450573978579373,-1.3098818463620012,-0.7734712105987341
596,-1.120683706755397,1.0,2.525352533470092,0.9804650140650707,2.849359805760818
597,-8.187194794813482,0.0,1.8168107733376335,0.05858524699973524,-0.29198103376255136
598,10.471342812101344,1.0,-1.6985306947159862,0.133637312819864,-1.1506128549805688
599,5.798662396860729,0.0,-1.135341187118997,0.20472685632746435,0.6051039660972661
600,10.322986700141769,0.0,-2.2932272826029454,0.3984310204624474,-1.666828059465124
601,5.515661652333023,1.0,-1.3270099912004074,-1.0846921535925285,-0.7196812684103424
602,5.3900533202376835,1.0,1.1858861435444545,0.7718746532984142,0.5156637276500103
603,7.358412205096267,0.0,-1.735382095155575,0.4883932098539212,-0.8804204424511296
604,9.272858318580951,0.0,-1.8580561148522967,0.9103539444181634,-0.67294291860571
605,-1.6587938577603492,1.0,3.163204166211534,1.2555397428215531,1.2473471491956967
606,-0.18501643263627265,1.0,-0.5387507542945653,-1.755576155428471,-0.4747249190833923
607,8.529226350804956,1.0,-0.9749150087396222,-0.48527846334959474,-0.03001733282128184
608,7.921718747743337,1.0,-0.748048383964382,-0.2535100511889675,-0.5389280233694997
609,5.561759312230108,1.0,-0.23876913247529954,0.20515663780675264,0.5869077853265221
610,9.91189184247016,0.0,-0.8662581674481051,2.1964394076652396,-0.013209306430820892
611,4.420032260805473,1.0,-0.40287504525786144,-0.6061397630060302,0.3092097826288503
612,1.8035420736268253,1.0,2.662423986861622,1.6725579661569439,0.4302524104264001
613,0.6084110522255353,1.0,-1.0505117301187314,-2.0912022419044916,-1.8548708567328136
614,9.785851507337227,1.0,0.6520561179279737,1.7418614800719983,0.4995904837207191
615,14.532042470293721,1.0,-1.6651957616572535,0.8229149262557015,1.5715977793686253
616,4.685852459201853,1.0,1.371471670439057,1.0549117324469381,1.3435439725346088
617,12.541155499804425,1.0,-3.4374778568799993,-1.5502838542466024,-1.518566145491577
618,7.253967003363191,1.0,-0.666882007118186,0.6278877487709519,0.22491375097034413
619,0.1545573866207861,0.0,-1.2091733255573431,-1.5784530165077026,-1.1893517465339813
620,2.0488431774750833,1.0,1.2980313015878728,1.0860533772219287,1.8871748456242294
621,-6.106371904240116,1.0,0.1752193941808147,-2.1562956023997537,-0.9803361988183195
622,4.7597463874592325,1.0,-0.1582846097249588,-0.08263052955125194,-0.4929021357962067
623,1.1509388683584256,0.0,-1.6809288107845837,-1.3070590309730135,-1.2750790153470999
624,9.60114774010433,1.0,-1.3206431389223854,0.0017111859497309224,-0.2769884236324
625,2.271170054665095,0.0,-0.860298050891919,-0.1330916748240136,1.384381215274514
626,1.4963213163840492,1.0,0.10445572698496447,-0.8838498278195178,0.7211070469503389
627,6.593985177726347,0.0,-3.7440453844530825,-1.7338893136003868,-1.0720840450615936
628,2.892748179207211,1.0,1.0968029434428204,0.5755368275096283,0.4726628108787234
629,-2.84572634227995,0.0,-0.30645291821866766,-1.1927039927664187,0.08397088139107442
630,-2.47098851721182,0.0,0.28971511186116106,-0.5595740499265383,0.07738853490019684
631,-8.351980520451693,0.0,1.879941049596201,-0.3538119927325818,-0.4094490158466593
632,-5.243144514987017,1.0,1.8856510686524512,-1.1438197141284219,-0.3195838639059489
633,-5.652017896824709,1.0,0.8869583516990093,-1.9563039440589416,-0.01577713217453327
634,5.720891117975702,0.0,-1.7220481456161705,-0.4852026504954787,-1.2303910360494665
635,6.022128135047484,1.0,-0.8264065717761109,-0.36174225339855065,0.80838578456543
636,-3.937244760641068,0.0,-0.007605196833236297,-0.8073836111250546,-1.4809745907207883
637,3.2765163892016913,0.0,-0.37810562440938356,0.8899006484421275,0.5257671445390557
638,12.644112291673455,1.0,-1.921808306946584,0.2800994396078824,-0.568143187660686
639,9.47557055799811,1.0,-0.7855061611823053,-0.04375657382312976,0.04741944515257143
640,-4.832671634941429,0.0,0.0022279146164903203,-1.0880273553061304,-0.7719258329912944
641,-0.6153375730643114,1.0,1.3877002036497261,-0.044839989165482694,-0.02692716127672227
642,4.459391105428788,1.0,-0.9417818653845714,-1.0696034211613494,-0.49183566886609176
643,4.949765604765237,1.0,0.6874417894963157,0.7746974328067692,1.5304250825530743
644,7.9005805191576055,1.0,0.8062009473776515,1.2576029886660298,2.0249736437146773
645,-1.3680801706492711,0.0,0.25440308271970075,-0.38053335537812377,-0.3317881841993965
646,-1.0079546209158,1.0,2.043463193946622,-0.08875079852333093,0.9640854470222713
647,-2.588015798825004,0.0,1.986437215253573,1.0968454184517777,1.6629008166071644
648,5.895119396029808,1.0,0.7605971702838724,0.8734244819582672,2.7964789346195706
649,-11.342691982163723,0.0,2.6751040214917743,-0.3019226730145089,1.709865747497138
650,-4.854926390424289,0.0,0.22964655064523723,-1.321410681643297,-1.055443904353279
651,-13.17804524656568,0.0,1.4065357258580042,-2.1162592965159477,-1.5598681789765967
652,-2.635663392332677,0.0,0.16747648051874778,-0.22633370049456572,-1.6260807097762127
653,-1.4775955186181786,0.0,-0.8444435268863881,-1.503338694088844,-0.8687000427641138
654,9.301670451803329,1.0,-0.875729171008096,0.25316572005901455,-1.782476965851931
655,4.184953953140395,1.0,-0.7289191870089723,-1.5952451889604624,-1.337337539534332
656,3.2842180921100925,1.0,0.6429426968639571,0.13226903149785157,1.2546015594054603
657,2.1714780386686936,0.0,-0.26992229253537725,0.39796592334190006,-1.4934232164628936
658,8.19844727642554,1.0,0.3256225651743219,1.11485234537008,1.357955146112069
659,2.5340566473859174,1.0,0.8641577747329884,0.099381949614265,-0.6611090122569185
660,2.225970157739742,0.0,-1.9899204534956818,-1.5898845042513285,-1.5401342525988684
661,-4.052794406984592,1.0,1.6035109865622277,-0.08996706947980342,1.072449640957251
662,1.3760848870222568,0.0,-0.3865387735608792,-0.22452586713695932,-0.3610370606140728
663,0.28867181704522576,0.0,0.8057071506378333,0.7485168091729395,1.8312567558002395
664,5.599996678015423,1.0,1.9006031059943311,2.1132762890154737,1.652067796707861
665,-2.437488930246794,1.0,0.884634123389161,-1.01831052667791,1.4643240883839845
666,-6.065951164134012,0.0,2.1077110194935615,0.30384735879975455,0.5817326113796314
667,0.5221236050358122,1.0,0.21492069155857768,-1.7035278769091553,-0.7752520135281709
668,4.149431983101515,1.0,1.0136207440725729,0.9406822134562646,-0.8052266009501039
669,5.682418734108289,1.0,-0.42773155914286265,0.23811126022871318,1.013263409463359
670,0.38869888302992106,0.0,-0.5978349957565979,-0.47624644013545125,0.5503317124062703
671,16.44010400870943,1.0,-3.6168011866212155,-0.6467116718385608,0.12581529616757245
672,-5.580388084961559,0.0,0.7173378322123688,-0.720508467719111,1.1401466794168296
673,0.195486650259854,1.0,0.2725730657656414,-0.8869636106570158,0.10975035540160555
674,8.406089134444528,1.0,0.5222678017604503,1.3741124548680592,-0.5171135201100826
675,3.5826182251705188,0.0,-0.10164885916014299,0.7088445859097239,-1.0746056208638664
676,13.146955527974733,1.0,-0.6985026856305171,1.3671927253738339,-0.46725522282947013
677,5.787186111988884,1.0,1.1812117878034825,1.7047054692283885,1.2957520354445866
678,1.4718879952631445,1.0,0.7532199821911941,-0.17447875495444226,0.842759046468781
679,6.076329756191823,1.0,0.9589640226291589,1.2238425330055671,1.6039598951752994
680,-1.367511177479585,1.0,1.619918095165325,-0.05016527488767685,1.1963777291313022
681,5.036730349022035,0.0,1.0548993365781785,2.4398530374631635,0.590116777940901
682,2.876171746661778,1.0,-1.5735852526111362,-1.8565950403192073,-0.6548383991603813
683,0.7808217836106098,0.0,0.29923694089748315,0.7603398387763142,-0.7011265077307052
684,6.728937257097851,1.0,-1.5751202787436092,-1.1770473058587323,-1.6923555176090794
685,5.057088675546659,0.0,-1.553308369710573,0.04149681775096025,0.37125800627215566
686,1.0722023588620426,1.0,-0.2749020495510402,-1.1383322332818933,-0.9130733224455225
687,-1.8103563870806,0.0,1.7574701038911715,1.4961135801356142,1.050827519917674
688,8.756925483148628,1.0,-1.8825078493683027,-1.5732880325532137,-0.8594204854469313
689,-3.841200395620251,1.0,2.3782062217399833,0.30339468916747,0.30780707621958014
690,6.723098725523533,1.0,-1.786357745097872,-1.2944305062098902,-0.11045829412466104
691,0.5762493963349762,1.0,1.8256030536745864,1.2522020534090263,-0.20772080983051547
692,-0.8294316677072111,0.0,1.5861202614702428,1.5176640290037582,-0.1939518095988265
693,-7.033856411047573,0.0,2.6504813180751747,1.1579605613773272,1.4115338911471498
694,-3.8116971321753415,0.0,0.5570802941038261,-0.770045601662546,-0.29926662165923446
695,-9.028261593132413,0.0,1.733847026122696,-0.6040968816216302,-1.275287815174613
696,4.597658874431901,0.0,-0.5619476563604291,0.466711034178032,-0.4697945391284471
697,5.9811226200535454,1.0,-0.7937170656948034,-0.8943279977135493,0.69177168285169
698,12.165954802064608,0.0,-2.506246322502395,0.5056691884104519,-0.38915530812749116
699,-1.063072555390773,0.0,-1.4108346795332274,-1.2426196268263805,-1.7530052729858066
700,12.195657991575255,1.0,-1.9096399700756783,0.03561374580978796,-1.5720320164319077
701,0.9907714329372048,0.0,1.5167377323955022,2.4152637522100475,-0.1793175298608117
702,13.61645323711512,1.0,-0.504253934689466,2.141042499712623,0.10120465546524467
703,9.104994257579646,1.0,0.8545619328935468,1.9409016178657905,2.168297779787798
704,-0.15069743128910318,0.0,-1.0981397777974928,-1.597809573263034,-0.5412986009483804
705,-0.5973369637224818,1.0,1.6884420473935946,0.4081836851704093,0.14420212785690567
706,7.870936141191736,1.0,-0.7486232872101117,0.18617603551627293,-1.0392068204944014
707,3.264366578204559,0.0,-1.4289842855937411,-0.4461768751628986,-0.948033336468477
708,3.064354283891725,0.0,-0.17278307282567393,0.3929818073928032,-1.7322028744033815
709,3.1467569899644263,0.0,0.4364237833307331,1.4705283989771423,-1.2544447904142846
710,5.24372572156735,1.0,1.507299229872915,1.6305905962496048,1.4615768977248393
711,3.419047008507079,1.0,0.6326202154103029,0.21450111599186514,1.5502562860492615
712,-1.5450483873704575,0.0,-0.0758269855467964,-0.6744687249748573,0.3240449586139815
713,-0.6693659296500991,0.0,-1.7753737440053956,-2.2797295650694838,-2.781485981873829
714,9.042549087385773,1.0,-0.16412800042364997,1.2938783125932642,0.45842689401794695
715,2.5433740747438365,0.0,-0.6065472933720533,0.07211961401372813,-0.9383795950569809
716,2.834486496438721,0.0,-0.2877340713222142,0.2638355385859284,-0.18581021605017675
717,-2.891449351012466,0.0,-0.7033583035647544,-1.620908261715273,-0.11120010491338309
718,3.077507198590966,1.0,0.7417813803912902,0.10947602625105948,1.0223832110599032
719,4.51940895109646,1.0,-1.0548057695829747,-1.0745258895902647,0.4627481844563271
720,4.993326336333532,0.0,0.17454660424041174,1.6835989155791053,0.11535762119564366
721,8.172136826179164,1.0,-1.9014691985415817,-0.5747332402327409,-1.535215730305604
722,-1.442506484007077,0.0,0.07764888593144004,-0.167186048801826,-0.22270989857909593
723,-0.5814950623284509,1.0,0.05545044426142162,-1.1873740199179403,2.720084851089666
724,8.63155377168582,1.0,-2.4451492220672644,-1.4083306938085232,-0.8972992881144429
725,3.3326569650215307,1.0,-0.45919790519392706,-1.056542485368915,0.3015171095581929
726,-4.4112785978472075,0.0,1.7097260215352397,0.5478133808269745,-0.10259930765733136
727,8.83960276825455,1.0,0.21599695563040602,1.4255087220674023,-0.16622454118409838
728,5.6358796265789515,0.0,-0.8531496731712197,1.0572575175374557,-0.09482773799421106
729,14.92085205805055,1.0,-2.4215563119788865,0.7455640558308552,-1.066387358291457
730,4.894862003324015,1.0,-0.6536263874368339,-0.4635945979109437,-2.0533273086991612
731,14.342030520735793,1.0,-1.4581217857745274,0.8521532100335057,0.39583258694664575
732,-1.4193062716461435,0.0,0.8487135321788561,0.8491508952039428,-0.12633742615216365
733,6.310939947564551,0.0,-1.7563162972100648,-0.3487474116594734,-1.6140606830762139
734,5.031723340615631,1.0,-0.007578788710368313,-0.25871813897489304,-0.43349328783252733
735,-4.272556523653334,1.0,0.8384375570798456,-1.7032109613969357,-1.8239526421655974
736,-12.259771287031588,0.0,2.3281497664669644,-0.8695298279586955,-1.20928731116274
737,-0.6588584114623706,0.0,-1.5542625862223975,-1.8373938639262735,-1.7253207804248252
738,-0.3621050622261981,0.0,0.7508286722625065,0.10215842492634991,-0.014491477310950504
739,6.129293910605132,1.0,-0.26736402946335364,-0.09533277000111988,0.4159458670287299
740,0.0853317554081372,0.0,-0.7361182109569296,-0.657810092049518,-0.03513204829389959
741,4.504975090654948,0.0,-0.8447762086324884,0.4292203152942476,-0.09669670358057865
742,-0.9937118905818483,0.0,-0.32259598010952767,-0.3707866481298547,-0.9550295391773945
743,3.0723395157566746,1.0,0.4438636156970986,0.013030728936132732,-0.0005474453303338418
744,3.4295116431492367,1.0,1.732022043528575,1.0002973888702607,0.386704875027048
745,-3.4889310237373845,0.0,0.9664711566593929,-0.329570211242974,0.9160210485288265
746,6.92991228658406,1.0,-0.30400649653336087,0.4209500930883548,0.4969731112323087
747,3.9268617599605418,1.0,-0.6561865513315869,-0.7503804472078848,-0.5217246731030614
748,6.008614561934606,0.0,-2.2875295834936957,-1.1639881096949471,-1.5024900336890474
749,0.12778591891458302,1.0,1.6466523347183106,0.5135826478064994,1.143355912215502
750,5.601007987495681,0.0,-0.5922818346632602,0.6797424229092589,0.2637582926864523
751,-0.35331936646329476,0.0,-1.1372931225600946,-1.6677235088390665,-1.6224549771317598
752,-8.423187795004774,0.0,1.6057481143553407,-0.6015364224379125,0.28281628705389694
753,10.884539547288638,1.0,-0.5616658089898751,1.3847035856072476,0.07520465139143166
754,6.550015572066779,1.0,-0.8950537112358496,-0.21784530288825757,-1.0604341498424066
755,4.642611338716384,1.0,0.8037598366563996,0.5206247855172841,-0.6763497715000473
756,3.0628083487938507,0.0,0.5186866375070939,1.6401676912222352,0.4740146618539991
757,1.7035353511693088,1.0,0.7815606100336203,-0.18724082493829525,0.7178630239708641
758,3.465936175013932,0.0,0.6177729937745048,1.0705844783572407,-0.6632628124155395
759,8.918466754124154,1.0,0.6736935263407736,1.3672795226109051,0.8453597196948036
760,6.571315394915878,0.0,-1.1347073994058636,0.49741192547196783,-2.3029612258942955
761,4.846180145003412,1.0,-0.29708891492255296,-0.7149177509754251,-1.4188047416263498
762,11.587653446789327,1.0,-0.7814156636491627,0.5679237528111827,0.28343354812282234
763,2.3473105481795042,1.0,-0.7857226296227726,-1.638707084789133,-0.7765003839399679
764,-7.879997969327283,1.0,2.069663142098084,-1.119286215330725,0.4130377841766772
765,6.2327062755390665,1.0,-2.2228273522822457,-2.2765900929782794,-2.0133737446437663
766,9.075480116195711,1.0,-0.28648743076551947,0.44652664976776235,-1.2347280420764353
767,5.821226310350502,0.0,-0.18624959073061087,2.31520432091269,0.21312707344597462
768,6.024855083382061,0.0,-2.2242851491628537,-0.6140178789027367,0.4896804972098704
769,1.7638275168617676,0.0,-0.1947923376509617,0.2907882405246227,1.4525510506514638
770,-3.945556912828274,1.0,0.21294609425362993,-2.0726080080332436,1.156472283999054
771,-0.8017343218211243,0.0,1.1533745227556877,1.4134900885681643,0.3774269898333629
772,9.032816379065178,1.0,-1.416571865045142,-0.020621327718999296,-1.1718221599220935
773,10.365378344492619,1.0,-0.7726621162513069,0.5941517037985912,0.9427890747924245
774,6.596610877994828,1.0,-1.1191931203408096,-0.8600048027969679,-0.22028538638215897
775,9.70275544094144,1.0,0.39559512320509155,1.8376983858007772,1.2275639372877343
776,-3.03774549630275,0.0,-0.3441378272036197,-1.2022505165323445,0.531600615409235
777,-10.500661217476567,0.0,1.3890920014764203,-1.668002194988817,0.2119280242468351
778,-0.816946851937069,0.0,-0.9585661780976632,-1.2271369472548486,-0.35151449815637964
779,0.17681469474402445,0.0,1.1335853017456279,1.333378399775968,0.5193744660952693
780,-0.026993198862341958,0.0,-1.6151921781745955,-1.7338141135263847,-2.2459130837751395
781,0.34494659014045026,1.0,-0.4684900748289936,-1.4087018997930587,-1.2560886231195592
782,11.2647281097084,0.0,-0.3709491688006066,2.9354773710402644,0.1663582106631814
783,1.1302964350421933,0.0,1.119403008936086,1.7341253866585096,1.9777349341117054
784,-0.7377998248384343,0.0,-0.8877978790709777,-1.3865520846840422,-1.0383512855845298
785,0.8045693795563709,0.0,0.6892009536774941,1.0815070654465597,0.37075710363230713
786,8.117654434285555,1.0,-0.701455908918529,0.4795393321672223,0.030063719396119206
787,1.2172813815994998,0.0,-0.9417719656775726,-0.6050926107841867,-1.0294274553651945
788,7.16398902258011,1.0,1.5157706711623482,1.9692672736449144,-0.1440177755375434
789,2.595125799350555,0.0,0.5895058554867457,1.289357618514203,2.116901115063509
790,7.962384765148526,1.0,-1.339050388991803,-0.6228632720579091,-0.4614054314846725
791,4.2505045308361495,1.0,-0.8120454532412275,-0.9362431823102035,-0.16765950886521402
792,-1.0173831702119276,0.0,0.5222079622115703,0.5358187459705529,1.235226736551215
793,14.332717550742595,1.0,-1.4657219161765829,1.227284260292073,-0.4868450048532404
794,13.058709829242602,1.0,-0.516013402692319,1.8692723766601258,-1.0085833969545266
795,-4.042593571289587,1.0,3.749927210273082,1.6742584798669538,3.84235825898638
796,4.066977728916091,1.0,-0.23297362917100425,-0.9542295459923883,-1.759571233625327
797,11.84312793411618,1.0,-0.8500945362469504,1.3635756600364306,-0.27432991667865597
798,12.117889074127318,1.0,-0.22927631561152279,1.0770007566807362,0.5432253409225067
799,-1.7616897871991464,1.0,1.1866944789800755,-0.5625585888572325,-1.091866895747528
800,8.978058423701926,0.0,-0.7662332258416158,1.959165574453161,1.5706656078495067
801,1.0890135976314,0.0,-0.36933233692726836,0.1659362483077273,-1.4604058864585114
802,0.5500213748756418,1.0,1.2513590426078154,0.10506998434875865,2.6244110848571536
803,2.246775900766144,1.0,-0.17638459123635916,-0.5722412869085657,0.5936869312687291
804,-6.428573126958772,0.0,1.66012088086035,0.3739884259869024,0.10634943544135964
805,13.646492426917101,1.0,-2.411389335391425,-0.35883042243765356,-0.8991061730310816
806,7.189935815882339,0.0,-0.84728282437416,1.1775063299377149,-0.069818567216183
807,6.919186355305833,1.0,1.048963428723759,2.1294710518588267,1.259464774863873
808,0.06559280074592655,0.0,-0.2822593260934715,-0.8502351945023939,-1.137235974033123
809,5.837530721402603,0.0,-0.28707458544653885,1.396740653598036,1.3016055367609372
810,2.1798205538247095,0.0,-0.7762679990909883,-0.0994525772885294,-0.08925101875415409
811,5.9069122629700885,0.0,-1.0173099204201144,0.6778400437212988,1.3773970569822276
812,-0.6030884254591562,0.0,-0.48311311332204554,-0.49093388702973273,0.1437400743984255
813,-1.6403970324550554,0.0,-0.6960775189239,-0.7528446771843146,-0.8265321899406983
814,-2.891066875520834,0.0,-0.4190128891034552,-1.3519857808709737,-0.28657597232006204
815,4.83061227050901,1.0,-0.23760477950276737,-0.41319561109361047,0.4249948304836922
816,7.445766471373875,1.0,0.7532930707419249,1.3584714075833433,0.49656820645759847
817,-1.0931316730691203,0.0,1.207968050111031,1.2703493793431593,-0.43176438494645164
818,4.596099044197342,1.0,-0.46352238702481025,-0.3831558667157488,0.2524884106531856
819,0.8179188982358773,1.0,0.09065806850251282,-1.1331788709802402,-0.41753260023614897
820,0.7328668947145824,0.0,1.4727710532226286,2.1444724091949987,-0.24751523468326553
821,3.699387843038318,0.0,-0.3545648013965378,0.8884113041173022,-0.2756452210148525
822,3.6398896717662694,1.0,-0.25104974936833613,-0.35023960619247113,-1.3993486230625678
823,3.7009366087171878,1.0,-2.3132316704719464,-3.0987393633716893,-3.0560826946701303
824,-1.747151364947332,0.0,-0.8074016705657487,-1.4373282179071176,-1.302634344907096
825,4.035479804128889,1.0,-0.7953661509373002,-1.0686813121715082,-0.4936171611366117
826,7.702314390498606,1.0,-1.4096904734023878,-0.6024519780366744,-0.9655515960117399
827,-3.834218255689101,0.0,1.3901568507463131,0.32413298069871327,1.590987041754109
828,-0.36416455520876595,1.0,1.332209798913995,-0.0022160469216630954,0.9574086916305835
829,2.3058621559389922,1.0,-0.9036250908496191,-1.7435979798768548,-1.2680449190835847
830,5.879877661664845,1.0,-0.16131532436529536,-0.046647752302767666,-0.236302992546833
831,6.828228334208948,1.0,-0.74728462925358,-0.22800666009785708,-1.9235089951846338
832,-1.1144060583326685,1.0,0.7662190280451434,-1.3245122452325337,0.037126853621823615
833,-2.41078505961198,0.0,1.9340364605864375,0.9481284449341718,0.9703699682185435
834,6.59023099169272,1.0,-1.5521827574246374,-1.3284731723938172,-2.6727319031128625
835,-4.608468881357263,0.0,1.4276860969910654,-0.20201540993774356,-0.1242228094318768
836,23.452514641418173,1.0,-0.5020910985883431,4.385612002555449,0.3078150005583994
837,1.6385717557550188,1.0,2.414891823463857,1.3986471018937436,1.2897765163142243
838,-2.9944271064983368,0.0,-0.39578396126460363,-1.9549611681144574,-0.8125206664204201
839,4.9423708024485,1.0,2.667991954119602,2.9730460022081266,1.073056586893005
840,9.49104037251874,1.0,-1.878748375302869,-0.6984407356349935,-1.619143785938663
841,1.4121597052589758,0.0,-1.7512818877960683,-1.0754968795612359,2.1505504341553614
842,3.0782472895968196,1.0,-0.0433449485911119,-0.3606777880136815,-0.08707730030421204
843,-5.571165197921085,1.0,-0.5426165969412522,-3.955692380914147,-0.48164238647041246
844,17.1750406563644,1.0,-1.2988251356995673,2.0428774230959545,0.21721531982630354
845,1.4144514272928843,1.0,0.936479515576895,0.08733923934447665,0.13143416968200383
846,2.2265674642183315,1.0,1.7798052981082646,1.1130740481049242,0.1639962487664808
847,7.995960502464603,0.0,-3.2923510720809515,-0.9621406771299762,0.23070635360330405
848,-3.0170087636593643,0.0,0.3227779346509579,-1.2191774455166584,-0.6160196553162057
849,-2.455981407558526,0.0,1.2183935270312285,1.3478009405777218,1.6903115987035737
850,-2.020297159752473,0.0,-0.5610857636359179,-1.2144009943506786,-1.5335957051657938
851,11.8465163145759,0.0,-3.161352677835331,0.5158974340877864,-0.2928294926576091
852,-1.910067210845364,0.0,-0.23011589896988002,-0.9755747754711421,0.6523864015594477
853,6.4883840866649845,0.0,-0.1398937498011927,1.8969624980721762,1.7170167404427858
854,-1.0991362261681437,0.0,-0.5151279191442993,-0.42756153774417455,-0.7460948110054398
855,0.2869629354012382,1.0,0.2754592096188973,-0.5257449271583771,-3.00420240445199
856,0.8561452515306393,1.0,2.091997759430095,0.7700228131833224,-1.371422629598713
857,-2.9507911880680737,0.0,0.5290674093729769,-0.05836936295185008,-0.06140568824443113
858,7.3311998686490245,1.0,-2.039120725847144,-1.406712068743993,-1.4410391214578688
859,-2.6910852413828095,0.0,-0.43560950163016876,-1.3266292075493602,-0.609335564854378
860,-11.48698852321658,0.0,1.887729811262024,-1.053277768919399,-0.5568773278006393
861,6.470147312322313,0.0,-1.315333894580076,0.24880179996107799,0.9327248787502481
862,7.929964997073609,1.0,-0.787740408296612,0.14041220579446942,-0.9365028034171267
863,-2.5782137701802554,0.0,0.12750811584346616,-1.0038247023068287,-0.546437122424759
864,11.833426695416575,1.0,-2.8287215976222555,-1.4352104406076607,-0.9660073361137272
865,8.817226398949098,1.0,-0.9611893201591826,0.6590222520172807,-0.8118109087606123
866,5.12220973124351,0.0,-1.1516602554230468,0.00034686605178999794,0.029318981225695782
867,10.352868341703946,1.0,-0.7973422378253305,0.47242323576159456,0.5633477429265515
868,9.83518843550407,1.0,-1.0241020666487306,0.4299701328722957,0.058621286837354875
869,1.6722427557173285,0.0,0.2653585878349819,0.4852102236216649,-0.7459854192816521
870,4.092833097309618,0.0,-0.5822368071274668,0.48582594026576686,-0.8573214327148103
871,5.724086503419556,1.0,1.6078360967554883,1.9086314142891265,1.98002622490198
872,14.688046908332307,1.0,-1.7634263545690052,0.507954458617767,0.5113299380330405
873,1.362872223063433,1.0,-0.2577146457260014,-0.39648255236973684,-0.8770422983514753
874,-5.874677248704083,0.0,-0.12548370916246449,-1.5785470381747697,-0.11476668201184068
875,4.213765048460376,1.0,-0.7858027540336299,-0.733871955313998,-1.4975111161888157
876,2.028290634037879,0.0,0.41980197673652503,0.9909355408936155,-1.3572388074734008
877,2.4642831601336956,0.0,-2.1976901537815103,-2.1103288972511356,-2.7365392716484265
878,4.557229351861112,1.0,-0.05014405564447758,-0.3594711331722818,-0.6172657012908002
879,4.056629045890841,1.0,-0.6719419569150646,-0.9787693780352842,-0.43865069922005057
880,2.8031154224792965,1.0,-0.0004735063402134075,-0.6133943427983067,0.2909029356036615
881,5.065565638912322,0.0,0.2131205541764114,1.936785231227275,-1.2019194355271348
882,-3.055232402542055,0.0,-0.41062242865146625,-1.5114627094374624,-1.85473584083713
883,8.839812106282075,1.0,-1.9424299998435712,-0.9482621258927718,-1.277915304145908
884,9.715993286628882,1.0,-0.7809705684885845,0.8164259255680839,-0.43591252695118543
885,-6.021977861250395,0.0,-0.5175822726771208,-2.111247925012094,-1.694053457504738
886,5.31745108650474,0.0,0.5554281425970473,1.989763976378365,-0.0958791252497
887,-7.833237943898114,0.0,0.20502232870632292,-1.83724157421942,-0.05634510404801414
888,6.598209450889255,1.0,-0.004006438051708211,0.4865513731679382,-0.19545493470500458
889,8.700465281531407,0.0,-1.9012716717848206,0.9669217076574939,-0.5953073192158378
890,-3.5389248469785137,0.0,-1.6338757709227956,-2.8800525144074123,-0.05623393000272981
891,-3.311850564885602,0.0,0.257615395604702,-0.1401781442726101,0.17549289645391533
892,3.1118464474214385,1.0,1.2360595972283834,0.8956900093790577,-0.43475386348826195
893,3.6965282062306266,1.0,0.09823556077626373,-0.028414746634190028,-0.5086572338104836
894,3.3155000270251174,1.0,1.15722484363201,0.8703480380861829,-0.2704398714070721
895,2.3497467282499755,1.0,-0.6815435496252668,-1.8179812720444226,-2.025601914312267
896,6.767136670962274,1.0,0.5939057705036224,0.8754507812682948,1.05470470631868
897,4.0520127303775535,1.0,-0.7469820378752136,-1.0036623501061406,-0.6576424087779936
898,8.5592104066872,1.0,-1.4380239264593284,-0.5422061957674995,-0.028797256132382966
899,11.677933058502225,1.0,-1.261684014719651,0.6735896918080637,0.4899316743949741
900,-2.3513812199692996,0.0,1.5965312824639473,0.6039658708715091,1.5550186472326122
901,2.5616345920764423,0.0,1.146223004943272,1.4557890978489934,-0.22435495885723347
902,6.361459143327937,0.0,-2.0806639602646113,-0.04798844571380387,0.05871822199276825
903,8.496992100893449,1.0,1.3370522089882715,2.0067507263993405,1.5649487841428562
904,2.1335819256495276,0.0,-0.01009146560290869,0.015441846238058362,-0.25738006645817163
905,2.846711608695271,0.0,-0.09721754596654818,0.22406536252236328,0.06925469989106614
906,-5.610939409381952,0.0,1.3013145017195176,-0.467540749505399,-1.495919516852168
907,-0.5718223949779004,1.0,0.7353840847633436,-0.5015059460218186,1.9222066824004127
908,-0.3194202260114155,0.0,1.7775266479463938,1.6503342937535412,0.2795120001340838
909,6.099027404173538,0.0,-2.1574046623644043,-0.1436037608854508,1.8487431816361215
910,9.254455416868671,1.0,0.5157175543922162,1.7026009398336543,3.1455391358601084
911,-0.2336580261859914,0.0,0.7416961184578728,0.5820623698768156,0.5787794197396071
912,6.0128963810583205,1.0,1.285859655968563,1.8844882665510405,0.6520302010196791
913,-4.1418437681665825,0.0,2.2414997868515476,0.9795759841708983,1.1488262359662578
914,-0.04744110483404723,0.0,-0.8046142691281328,-0.9577117369248759,-0.7199166963759378
915,4.723533328520347,0.0,-0.6288289982161637,0.5267628755186288,-1.0361922410812259
916,5.784648624793638,0.0,-2.0675506590948785,-0.7918013109547055,-0.4741142944379708
917,15.12032247851182,1.0,-2.1143424569630946,0.5289796675227357,0.8501198557062865
918,1.440439216360364,1.0,1.1684946143370163,0.5865683119377366,0.97977589176823
919,0.9012550452488743,1.0,0.6160543171629039,-0.11285923829202014,0.21890810984875692
920,-6.403864630595261,0.0,0.819455996537569,-0.7904459682289388,-0.5801157736200628
921,9.597139338530338,1.0,-0.8069626722554277,0.3680638301851914,-1.0998734258578606
922,-0.9487123300135969,0.0,-0.03177222253733566,-0.7092520746743574,0.7853041160446722
923,-2.611633979297937,0.0,-0.31096752014476026,-0.9130186529347963,0.28998966595188513
924,2.7823995705065308,1.0,-1.0058391629523347,-2.2244639934351857,0.12062298779221789
925,3.8956261655180535,0.0,-0.5329876041843664,0.824439426074127,-1.4171105678615514
926,-0.09390568590572701,1.0,1.1525770922492262,-0.4754753017723079,0.8397260868856242
927,5.625199298272633,1.0,-0.8231666647592342,-0.9925816516841525,0.29162795831287425
928,-2.285047231932901,0.0,0.702795179451008,0.1312931017821025,0.7755155148887861
929,0.3695804677294726,1.0,4.299000897848477,3.2803640261803753,2.9171879744328413
930,-5.376537439693433,0.0,0.23040107372796007,-1.9258960585318796,0.5215828608232391
931,0.9837164870098811,1.0,1.4929787487558221,0.8582000830630324,0.8135761741907687
932,-5.746398141061095,0.0,1.2727827531442188,-0.09625832858274307,1.2252494915108523
933,0.6070187694019371,0.0,-0.38984990069379233,0.1409942718879259,-2.053965330658003
934,3.9209702164244704,0.0,-0.4032602449010636,0.8091430749827763,0.7886358899168103
935,1.9558320594763163,0.0,-0.024895107753192737,0.2894104932689822,1.142487225573334
936,-17.91409475402817,0.0,2.5896915104326097,-2.2349892574822565,0.21235399994744686
937,-0.5248590106374562,0.0,0.5407455092438179,-0.017394199783378993,-1.2660156037848111
938,4.404041269960259,0.0,-1.7747040091341693,-0.9968950876882668,0.14313889967718843
939,12.245465951878561,1.0,-2.5508501185049335,-0.27134531112157795,-0.07685096901021411
940,6.473988950293451,1.0,-0.11100171250655065,0.45670334533345497,0.21337207670547806
941,-0.328553526037054,0.0,0.6010099770022498,0.8166894604161061,0.6101128959461122
942,11.818165592386617,1.0,-2.7044444330100426,-1.0245519360538624,-1.9552307029384932
943,9.90062677742012,1.0,0.7868492500650475,2.244154695595576,-0.765621634737568
944,1.33337939733584,0.0,1.4154084316710513,1.6206993617790357,0.7217099948931496
945,-9.41718639457827,0.0,0.9151328274660411,-1.4788597998927864,0.22298284458955617
946,-6.4162294309963395,0.0,1.045631229547868,-0.40208578917022914,0.45889522157843293
947,3.8838687452339116,1.0,-0.9595294777841934,-0.6782288015773997,0.041410632588707676
948,-0.20788189772308185,0.0,1.4430984904737274,1.3375738437570435,0.015172710341295872
949,8.578754394744504,0.0,-2.102933561206838,-0.169571665718222,0.1399469820094909
950,11.36258464365441,1.0,0.16483341612477673,1.9572093049609087,0.36942898048166484
951,5.890695013254507,0.0,-0.27005770968909915,1.4563386164039653,0.4928263251311204
952,13.085719772128789,1.0,-2.308310431640443,-0.057978746893544576,-1.2422344889134704
953,1.1726841823126835,0.0,-0.25765427344229225,0.16784835132539858,0.24381677132301277
954,-9.563878164353099,0.0,0.5276159740561281,-2.192502643011641,-1.3591903662354237
955,10.964781378129752,1.0,-0.09852885742984373,1.375570442129048,-0.7948334683296365
956,8.826196169287304,0.0,-1.8016670960898586,1.0690807579931754,-1.4443491970978857
957,-1.3022627835479494,0.0,2.2174970068215822,1.9003262382057435,0.7902858224807542
958,5.948904717068293,0.0,-2.020280173237519,-0.06592847209987956,-0.5451028918550213
959,0.936614514814611,1.0,1.1215493803634553,0.2831875334744424,0.897249656863277
960,7.00374541129014,1.0,0.07459366212616572,-0.05761387656030169,0.5100297534611435
961,1.6288388243322036,1.0,0.8927183527204305,0.0713462367222323,-0.544433211464712
962,6.005774102738026,1.0,1.9482715918791034,2.8207322190111412,0.40131326893405905
963,12.994910079816362,1.0,-1.0970897031991114,1.4100706500856846,0.6332158309249225
964,2.560608646822552,1.0,2.045915202261611,1.4240356640800074,1.0939560723044461
965,3.368567279865759,0.0,-0.8583122560660166,-0.11979978434926444,0.3708085866099627
966,-5.624014659165875,0.0,-0.23485681109684417,-1.5130972325378669,1.1828651347708354
967,9.114193020941805,1.0,-1.5143111457801839,-0.41664176910528566,-1.4512111143585915
968,1.4978911702407236,0.0,-1.1458333162062224,-0.695232426587857,0.18415945272118892
969,6.322440521402061,1.0,-0.802377861566689,-1.1086174470137766,-1.0181196628341351
970,-2.713531316309324,1.0,1.5111648061688239,-0.7898544164619576,-0.04350036269486459
971,7.142031510355305,1.0,-0.810720565169432,-0.26202098549613617,-0.8221889255649799
972,3.7149780432528074,1.0,1.2295795381960155,0.854716962082269,-0.38328730765858443
973,0.2618042154809723,1.0,1.3094787710310547,0.6637582695241854,0.2683345549476459
974,2.2952076788879303,1.0,0.6530033165686862,0.5071277487504419,0.3169169826002095
975,-0.42463693269297625,1.0,1.19451436625618,-0.21581195889398935,-0.7616110224421836
976,-6.23922559376045,0.0,1.2355073015608595,-0.5911644752207581,0.35824939544831413
977,5.941720051725303,1.0,0.060725101855556275,0.35352442411788076,-0.8236381875889437
978,8.271523601396781,1.0,-0.140399988692894,0.979967974489223,-0.2025815082513803
979,1.7571616620759007,0.0,0.1774843455052087,0.6603483740626276,1.2703598431762793
980,1.7542878580121584,0.0,0.7389520633336699,1.2348414713999867,0.34398523988018526
981,11.515879588157535,1.0,0.6210258800524532,2.1013207843829376,1.281927984062301
982,10.7227043175855,1.0,-3.95077645272373,-2.292009198859773,-1.1581179237039863
983,-9.36970126585482,0.0,2.357964760173629,-0.08776670905203324,-0.5683235560099246
984,6.422874240167692,0.0,0.1285394206756085,2.186778853420913,1.2788018455699013
985,-3.6731964860031443,0.0,-0.6861458461337109,-1.6889426813712467,1.3523188267419393
986,6.5488695812582245,0.0,-0.17492315238453418,1.2718635959339808,0.6722305447315382
987,-1.1807326216436194,0.0,0.07684653658163604,-0.8064476198903466,-1.157183872150309
988,-0.7956061839264668,0.0,1.1800437117965943,1.0458103452088365,0.8882748360754718
989,3.547476043551175,0.0,-0.27242397645076977,0.4462620069623799,0.8489432875264451
990,-0.8520026876599991,1.0,0.8332316377221279,-0.6659901945835861,-0.5875297041899579
991,2.9457074932642096,0.0,0.2561838250954958,1.1434214730841177,-0.26659455737197246
992,-0.8651715712553598,0.0,1.2853681060684115,1.0224502810004885,0.242326451881011
993,-3.5113791638256906,0.0,1.3495168385033534,0.5978946263788808,0.3792795837854237
994,-7.01352398585939,0.0,0.6017945690655199,-1.4185789038131327,0.23703392975789364
995,10.808219638382585,1.0,-1.5972765231265993,0.12680125209155496,1.2669871168284736
996,4.416271884295371,1.0,0.18118938387175126,0.04985269347693744,-0.1433176826723529
997,11.22193117417718,1.0,-2.0018321508770867,-0.39660066393751675,-0.5751186128261654
998,-5.11724465543433,1.0,1.1217832973018227,-1.3967238558493862,0.9064461135131118
999,-2.4494305569184287,1.0,1.8671330637400616,-0.25642048229092296,0.8498112532992539
